_id,full_name,car_make,car_model,car_year,car_vin,last_service
1,Dosi McIlmorie,Ford,F150,1993,WBAUN1C5XAV595411,3/19/22
2,Pammy Giacomasso,Volkswagen,GTI,2010,WA1FFCFS0FR202113,7/29/22
3,Christa Duffield,Chrysler,Voyager,2003,WAUPN44E47N599833,1/10/22
4,Chauncey Ebourne,Hyundai,Tiburon,2007,WAUNF78P36A062524,1/30/22
5,Cinda Blackie,GMC,Sierra,2011,5UMBT93567L038994,3/28/22
6,Maure Twidle,Mercedes-Benz,E-Class,1996,WAUHF98P78A747637,1/4/22
7,Simona Biddlestone,Saturn,VUE,2003,2T1BU4EE3CC081885,6/13/22
8,Avie Crewdson,Chevrolet,Suburban 2500,2005,1G4GH5G39DF091515,3/19/22
9,Brion Estcourt,GMC,Yukon XL 2500,2006,1HGCP2E33CA884670,7/26/22
10,Vassili Brough,GMC,Yukon,1993,JTDKN3DU8F0177106,1/28/22
11,Lane Riden,Ferrari,F430,2007,WAUMGBFL5DA031154,9/20/22
12,Ceil Galletly,GMC,1500 Club Coupe,1992,WAULT64B32N918296,7/22/22
13,Zollie Cubin,Chrysler,Concorde,1998,19XFB4F24DE368067,1/21/22
14,Kora Keaveney,Porsche,911,2008,WAUBH74F56N282010,1/29/22
15,Olag Jarad,Hyundai,Entourage,2009,3C3CFFER8FT725187,3/31/22
16,Flory Harlowe,GMC,Canyon,2010,WVWAN7AN6EE072727,12/30/21
17,Kirstyn Kilmurry,GMC,Yukon XL 2500,2005,WBS3R9C58FF084758,6/7/22
18,Kim Hlavecek,Lexus,ES,1992,3N1CN7APXEL641186,11/9/21
19,Clareta Mardee,Nissan,Altima,1993,JN1CV6AP1BM921476,8/17/22
20,Daisy Grancher,Saab,3-Sep,2012,3D7JB1EPXAG743777,1/15/22
21,Cris Chazier,Jeep,Patriot,2007,1FTFW1E84AF308703,6/7/22
22,Ezekiel Gilstin,Nissan,Armada,2005,JH4CU4F68DC254529,7/10/22
23,Weidar Orr,Isuzu,Ascender,2008,WBA3F9C59EK989061,3/7/22
24,Immanuel Rodie,Citroën,CX,1974,1G4PP5SK5D4433071,5/19/22
25,Madella Longcaster,Ford,E350,2006,3VW4A7AT7DM266020,9/6/22
26,Minne Clipson,Cadillac,Seville,1999,WAUSF98E47A024556,4/26/22
27,Steffen Brownsworth,BMW,545,2005,1C4SDJCT1EC809893,8/18/22
28,Vlad Bazell,Mazda,MX-5,1990,JH4CU4F45AC561067,4/13/22
29,Corella Demkowicz,Ford,Expedition EL,2009,1C4RDHAG1CC535069,6/11/22
30,Terrijo Gordon,MINI,Cooper,2011,KNADH5A38A6756204,2/25/22
31,Clarissa Napton,Audi,S4,2004,KNDPB3A25D7254195,3/21/22
32,Sandro Stonehewer,Chevrolet,Impala,2010,5N1CR2MM0EC876273,2/4/22
33,Fremont Cominoli,Dodge,Ram Van 1500,1996,YV4902BZXB1116833,3/16/22
34,Barbe Kos,Toyota,Venza,2011,1D7CW3GK7AS168606,3/17/22
35,Ettore De La Coste,Mazda,B2600,1987,SCBZB25E32C165286,11/2/21
36,Iggie Autry,Pontiac,Bonneville,1996,2C3CDYBT9CH926506,5/6/22
37,Dina Bleas,Volvo,C30,2008,ZFF60FCAXA0447102,12/17/21
38,Sherilyn Hulburd,Buick,LeSabre,2005,2C3CCADT0CH218393,8/11/22
39,Dannie Wessing,Audi,Allroad,2002,1GYEE637060521435,10/5/22
40,Corey Roydon,Toyota,MR2,2005,WAURD68D12A989975,4/3/22
41,Ursulina Vatcher,Honda,Accord,2003,WAUXL68E14A513683,5/30/22
42,Lillis Conrard,Pontiac,Bonneville,1995,JTDKDTB37C1219669,12/17/21
43,Iolanthe Bache,BMW,760,2006,WBAWB3C51AP005873,6/25/22
44,Erastus Denziloe,Lotus,Exige,2004,5FRYD4H8XFB987028,12/13/21
45,Gisela Fipp,Lincoln,Town Car,1989,WBAEN33415E333533,6/12/22
46,Bevvy Sugars,Plymouth,Voyager,1996,4A4AP3AU0EE708481,10/8/21
47,Robinetta Vedenyakin,Buick,Skylark,1993,WBADS434X1G178229,3/19/22
48,Barbabra Beebe,Aston Martin,DB9,2005,WBAWL1C52AP314379,7/17/22
49,Lon Eltune,Toyota,T100 Xtra,1995,3GYFNGEY0AS749498,11/22/21
50,Dov Brahms,Kia,Sportage,1999,WBAUP7C55AV579811,11/19/21
51,Veronike Dunkinson,Jaguar,S-Type,2005,WAU2GAFC4EN899609,10/5/22
52,Dyanna Scorton,GMC,2500,1998,JH4DC538X6S052707,1/29/22
53,Garrek Miguel,Mazda,MPV,1996,1GD12XEG4FF477531,10/1/22
54,Mady Perello,Volkswagen,Jetta,1986,1GYS3FEJ9BR523238,5/27/22
55,Tracy Newhouse,Buick,Park Avenue,1991,1FTMF1C89AK195493,1/24/22
56,Blaire Ochterlony,Hummer,H1,1998,1G4PT5SV6F4016518,10/22/21
57,Suellen Sebley,Buick,Coachbuilder,1995,WBAYF4C52ED423630,10/22/21
58,Lucille Henzer,Volvo,940,1995,1HGCR2F39EA327015,4/8/22
59,Margret Curnnokk,Mitsubishi,Chariot,1994,5N1CL0MM3EC641002,9/16/22
60,Andie Fretson,Dodge,Sprinter,2008,1D4RD4GG8BC722343,4/23/22
61,Dena Glayzer,Geo,Prizm,1994,1B3CB4HA6AD677805,5/11/22
62,Marilee Whetland,Honda,Accord,2008,1FTMF1CW5AK248933,6/27/22
63,Pauline Nassey,Toyota,Sienna,2010,3VWJX7AJ7AM058487,4/18/22
64,Gib Mariolle,GMC,3500 Club Coupe,1993,3VW4T7AT0EM732656,11/9/21
65,Bondon Hewlings,Audi,Allroad,2001,SAJWA6E78E8487569,9/21/22
66,Alex McDuall,Ford,Transit Connect,2011,2G61L5S35E9584508,6/4/22
67,Darryl Flook,Hyundai,Elantra,1999,WAU4FAFR3CA322705,3/16/22
68,Valentine Girtin,Rolls-Royce,Phantom,2006,5UXZV4C51BL288263,1/27/22
69,Jermaine Calvard,Mazda,Protege,1996,JN1AZ4FH6FM433941,2/9/22
70,Billy Nye,Buick,Regal,2003,1G4GC5GCXBF481339,7/11/22
71,Kissiah Pickton,Aston Martin,V8 Vantage S,2012,19UYA42501A915234,7/30/22
72,Blondell Inworth,GMC,2500,1999,SALFR2BG0EH466129,8/25/22
73,Ansley Bachshell,Chevrolet,Camaro,1972,2C3CDYBT5EH722594,7/28/22
74,Chad Craske,GMC,Yukon XL 1500,2006,1G6KD57Y09U979842,4/26/22
75,Appolonia Dealy,Volkswagen,CC,2010,3VW467AT3DM590227,8/6/22
76,Britney Hutson,Volvo,960,1994,3D7TT2CT3BG851946,8/25/22
77,Lorain Manilove,Toyota,RAV4,1997,5N1AR2MM2EC685851,4/6/22
78,Chrisse Heersema,Pontiac,Grand Prix,2008,WAUDH98E67A925415,4/3/22
79,Olvan Graeme,Chevrolet,HHR,2009,WAUXU64B53N897189,8/22/22
80,Neysa Ouldcott,Saab,3-Sep,2001,1D7CW3BKXAS776918,8/14/22
81,Giacomo Briance,Mercury,Topaz,1988,2HNYB1H65DH929656,8/12/22
82,Gregoor Tees,Buick,Reatta,1989,WBA3K5C58FK652161,5/27/22
83,Osmond Perkis,Kia,Spectra,2001,JM1GJ1T64E1610843,6/20/22
84,Page Netherwood,Chevrolet,Express 2500,2007,3GYT4LEFXDG046432,7/10/22
85,Amara Franzman,Jaguar,X-Type,2008,JH4KB16617C017417,11/24/21
86,Hesther Leonards,Dodge,Stratus,1999,WP0AA2A81FK399094,4/18/22
87,Clare Caps,Subaru,Brat,1986,JN8AF5MR7DT759990,9/5/22
88,Ardyth Flux,Audi,RS 6,2003,SCBDP3ZA5AC731777,11/9/21
89,Violette Pendergast,Dodge,Dakota,1998,YV1382MW8A2941826,12/7/21
90,Gardener Senior,Honda,Accord,2000,YV1672MC4BJ399556,3/13/22
91,Pat Daddow,Chevrolet,Camaro,1974,1GYFK26229R533768,4/14/22
92,Sunny Abramowitch,Chevrolet,Caprice Classic,1996,SCFHDDAJ3CA736128,8/16/22
93,Nat Byers,Chevrolet,Cavalier,1995,1YVHZ8BH9A5878163,12/18/21
94,Glenda Jee,Chevrolet,Express 1500,2012,JN1AY1AR0CM317681,3/1/22
95,Malva Cuppleditch,Isuzu,i-Series,2006,WBA4A5C54FD742693,11/16/21
96,Danita Eglaise,Plymouth,Grand Voyager,1997,1G4CU541834314845,9/2/22
97,Ronda Sleney,Mercedes-Benz,E-Class,1990,1GYS4GEF3BR371312,5/10/22
98,Susi Adran,Mazda,Familia,1990,WAUJFAFH3AN640114,11/24/21
99,Costanza Browse,Mercedes-Benz,GL-Class,2010,1GYFC26259R073499,10/23/21
100,Hedi Gabbotts,Lexus,GX,2012,5N1AN0NU7BC463560,4/7/22
101,Lavinie Hackney,Chevrolet,Express 1500,2012,JM3TB2CVXF0552650,8/15/22
102,Beniamino Ruggen,Dodge,Ram Van 2500,2002,WBAYA8C53ED970198,12/27/21
103,Lucia Duckham,Mercedes-Benz,E-Class,2011,WBA3V7C58F5878332,9/27/22
104,Sybil Coom,Toyota,RAV4,2001,WBAYP9C59ED970887,6/1/22
105,Wally Beeble,Audi,V8,1990,WA1MKBFP7AA247369,12/3/21
106,Nye Barlie,GMC,Suburban 1500,1992,2G61N5S33D9232665,8/29/22
107,Wileen Sacaze,Chevrolet,Suburban 2500,2012,2T1BPRHE5FC235095,5/26/22
108,Hazlett Dutnell,Kia,Sephia,1995,1FTMF1EW8AK434818,1/5/22
109,Herschel Kalinke,Mitsubishi,Mighty Max,1994,WAUR4AFD7DN266133,1/5/22
110,Anitra Hirsch,Mercedes-Benz,E-Class,1993,JTHKD5BH6B2351370,12/8/21
111,Ursa Sharpley,Maybach,62,2009,1C4SDJCT5EC538224,6/15/22
112,Charin Girvan,Ferrari,F430,2008,SCFFDCBD4AG928730,5/3/22
113,Galen Greenhow,Chevrolet,Silverado 1500,2011,YV1902MM2F1969098,6/18/22
114,Meg O'Towey,Cadillac,DTS,2007,JH4DC53013S080109,4/17/22
115,Merrilee Oakey,Honda,Accord,1995,1N6BF0KXXFN275630,2/20/22
116,Pasquale Deave,Chrysler,Sebring,2009,1FMJU1H58AE553281,2/25/22
117,Raychel Gatteridge,Toyota,Sequoia,2009,5GALVAED3AJ326680,8/15/22
118,Troy Holah,Ford,Laser,1985,YV4960BZ8A1011760,5/5/22
119,Olimpia Pawellek,Pontiac,Trans Sport,1990,2C3CCAPT0CH213982,12/24/21
120,Lem Avramovic,Ram,2500,2011,WVWED7AJ2DW180367,5/26/22
121,Sadye Hardington,Ford,Tempo,1989,1FTEW1CM4BK093473,3/30/22
122,Vasilis Lorence,Ford,Laser,1988,WDDHF0EB4EA587757,12/30/21
123,Elenore Hollows,GMC,Savana 3500,2012,WBANF33596B641302,6/20/22
124,Iago Truce,Pontiac,Montana,2001,2G4GR5GX9E9849749,12/29/21
125,Morgan Keinrat,Chevrolet,3500,1993,5N1AA0ND4FN283927,9/27/22
126,Fairlie Gadsby,Bentley,Continental Super,2012,WA1LFBFP8DA330121,11/7/21
127,Tracie Maw,Maybach,62,2005,WA1DMAFP2FA266343,7/8/22
128,Benny Pinckney,Land Rover,Defender 90,1995,KMHHT6KD6BU417983,10/19/21
129,Fernando Cruz,Pontiac,GTO,1971,SALME1D40BA180432,2/17/22
130,Orran Budd,Mazda,323,1993,JTHCL5EF4F5815035,11/10/21
131,Ricca Gosden,Dodge,Ram 2500,1999,2HNYD18431H167688,12/22/21
132,Marlene Sango,Chrysler,Sebring,2007,NM0KS9BN0DT661786,10/20/21
133,Wolf McNeill,Mazda,Miata MX-5,2008,2C3CDYBTXCH860404,4/17/22
134,Daron Ferrillo,Chevrolet,1500,1994,WAUEFAFL3CN947422,8/14/22
135,Amelie Ciobotaru,Saab,900,1994,WBAYF8C56ED560996,2/9/22
136,Paton Shea,Ford,Probe,1997,5N1AA0NCXBN706656,10/15/21
137,Sella Bodesson,Mercury,Marquis,1986,WVGAV3AX2DW869328,3/19/22
138,Winnifred Prozescky,Dodge,Ram 3500 Club,1997,2G4GN5EX9F9223733,2/6/22
139,Bradney Kinastan,Subaru,Loyale,1990,WAUJC68E63A551768,10/10/21
140,Harlene Caldero,Chevrolet,Express 2500,2007,1FTEW1C84AF153326,6/14/22
141,Derry Ballchin,Chevrolet,Suburban 1500,1994,WAUBH78E06A198394,9/22/22
142,Xever Cawthry,Ford,Crown Victoria,1999,YV1952AS1D1573780,2/21/22
143,Vinnie Vankin,Lamborghini,Murciélago,2008,JH4CU2E69AC751753,4/23/22
144,Shermy Maslen,Dodge,Ram Van 3500,2003,WAUVVAFR4BA253223,1/24/22
145,Alfie Spinage,Chevrolet,Camaro,1997,1G6DC5EY3B0965980,2/18/22
146,Dannye Hassen,Acura,TSX,2009,1GYFC23259R919814,8/21/22
147,Pierson Spier,Aston Martin,V8 Vantage,2010,WDDEJ7EB7BA175564,3/31/22
148,Kristina Leathes,Volkswagen,Golf,1993,WBAYE0C59ED177395,3/23/22
149,Leda Jacmar,Pontiac,Grand Prix,1987,1FTEX1EW7AF023307,11/9/21
150,Hermione Gaunt,Mercedes-Benz,SLR McLaren,2008,WBA3C3C51EP263123,3/28/22
151,Roz Paiton,Lexus,GS,2010,WBAFU7C58CD869132,4/12/22
152,Billy Barthrup,Chevrolet,Corvette,2011,VNKKTUD31FA451816,11/1/21
153,Dorena Fazzioli,Mazda,Protege,1993,WVWED7AJ3DW167112,7/23/22
154,Flor Davson,Lotus,Esprit,1989,YV1672MK9D2660698,7/9/22
155,Silvester Peat,Mercury,Monterey,2004,1VWAH7A36DC174848,3/16/22
156,Alvan Treadwell,Ford,Escape,2002,SALSF2D47AA734140,11/16/21
157,Carrol Farryn,Suzuki,Sidekick,1996,WAUJT68E24A116442,1/30/22
158,Georgy Rickwood,Lincoln,Continental Mark VII,1991,1FTMF1EW4AK052737,8/17/22
159,Brigit Chantillon,Dodge,Ram 3500 Club,1997,WP0CA2A87DK965619,2/11/22
160,Beryl Asher,Ford,E-Series,2001,WAUFFAFL6AN978570,2/7/22
161,Issy Mains,Acura,Integra,1992,KNDMA5C15F6059521,8/7/22
162,Ree Sirr,Ford,Festiva,1993,WAULFAFH7DN161191,1/22/22
163,Glenn Shurmore,Alfa Romeo,164,1992,WAUMR44E36N447614,6/11/22
164,Philipa Castagneto,Kia,Forte,2012,WUARL48HX7K040555,3/30/22
165,Arturo Mavin,Scion,tC,2013,WAUWFAFL7CA725736,10/28/21
166,Matty Fancourt,Toyota,Avalon,2003,WA1VMAFE5FD908961,11/4/21
167,Torrence McArley,Mercedes-Benz,E-Class,1998,3C4PDDEG6ET248893,12/16/21
168,Holden Ritchley,Chevrolet,Impala,2006,WBAEW53463P987227,4/2/22
169,Gail Furman,Plymouth,Reliant,1981,1FMJU1G57AE003345,8/28/22
170,Jackson Wyburn,Mitsubishi,Precis,1990,5UXFG43579L715940,11/28/21
171,Chet Jeppensen,Mercedes-Benz,SL-Class,2007,1FAHP3EN1AW358345,3/12/22
172,Aguste Harrington,Mercedes-Benz,E-Class,2000,3GTU2YEJ8BG185943,3/10/22
173,Mordy Blinckhorne,Honda,CR-V,2004,WBADS33443G798880,3/23/22
174,Erina Penny,Pontiac,Vibe,2005,2C3CDXJG0EH592240,7/14/22
175,Arabel Lafaye,Mercury,Grand Marquis,2001,WAUBFAFL6AA539973,6/3/22
176,Marybeth Farrand,Pontiac,Firebird,1968,NM0AE8F73E1397078,5/31/22
177,Lucien Satford,Hyundai,Elantra,1992,1FMJK2A53AE021720,12/23/21
178,Jillane Fairbeard,Plymouth,Neon,1997,2CTALMEC6B6466553,12/28/21
179,Jud Kelleway,Mercury,Mountaineer,2007,WAUAGAFD3EN965054,3/2/22
180,Halie O'Lahy,Merkur,XR4Ti,1985,1G6KD57Y62U205116,12/4/21
181,Sheeree Chattaway,Dodge,Dakota,2009,JN1AZ4EH9DM584920,5/27/22
182,Farris Sherewood,Cadillac,SRX,2008,TRURD38J581664560,4/7/22
183,Brittne Belliveau,Nissan,Quest,2004,5J8TB2H27AA403401,7/10/22
184,Shena Rosel,Ford,Contour,1999,19VDE1F38EE309216,7/9/22
185,Marcela Sains,Geo,Metro,1997,WBADR63473G563306,11/8/21
186,Faith Synke,Hyundai,Tucson,2011,1N4AA5AP3BC450601,10/24/21
187,Lorena Pellman,Mercedes-Benz,GLK-Class,2010,2C3CCAPT5CH525487,2/16/22
188,Jazmin Gynni,Mitsubishi,3000GT,1996,2HNYD18291H448280,12/4/21
189,Selene Manning,Hummer,H1,1995,1FTEW1C83FF312439,10/17/21
190,Nilson Lovekin,Chevrolet,Corvette,2006,3D73M3HL3BG575179,2/14/22
191,Chryste Godlonton,Audi,Quattro,1985,WP0AB2A94FS493539,12/24/21
192,Kimberley O' Mullane,BMW,530,2005,ZFF75VFA5F0290100,3/24/22
193,Sibel Skipsey,Porsche,Carrera GT,2005,2T2BK1BA7FC254975,10/21/21
194,Ninnetta Maffioletti,Saab,3-Sep,2003,WBANE53557B013074,4/7/22
195,Johannes Boothebie,Pontiac,Grand Prix,2006,WVGEF9BP6ED595516,1/28/22
196,Sidonnie Hawyes,Kia,Sorento,2007,JTDKN3DP3F3118327,6/22/22
197,Cassandre Dinnage,Chevrolet,Corvette,1961,JTDKN3DU0B0108727,5/28/22
198,Fedora Blencoe,Mercury,Sable,1986,3D7TT2CT7AG284431,1/5/22
199,Gustav McClary,Nissan,Quest,2002,1NXBE4EE2AZ916660,8/11/22
200,Celina Stiling,Acura,TL,1997,1FMJU1J56AE714785,9/13/22
201,Jarib Petracchi,GMC,Savana 1500,1999,WBA6A0C50DD534707,9/27/22
202,Isidro Domnin,Chevrolet,Tahoe,2004,5J8TB3H38GL732894,5/4/22
203,Vi Matherson,Ford,LTD,1984,5UXKS4C57F0758507,11/26/21
204,Alane Sturgess,Nissan,Maxima,2011,JA32X2HU4CU568626,1/19/22
205,Marty Bosch,Ford,Mustang,1989,JA32X8HW9EU828798,3/26/22
206,Carolus Corstan,Toyota,Tacoma,2002,WAUXL58E85A582110,6/20/22
207,Cynde Bishop,Ford,F-Series,1987,1FTFW1E84AF034158,11/14/21
208,Thedrick Ganford,Infiniti,Q,1999,WVWGU7AN0CE039944,1/24/22
209,Cloe Burtonwood,Rambler,Classic,1963,SCFAB05D59G997514,11/1/21
210,Penny Pardue,Mitsubishi,Chariot,1985,1FTSW3A57AE962476,5/21/22
211,Melly Dahle,Subaru,Baja,2006,3GYFNDE35FS042245,10/14/21
212,Crin Plevey,Cadillac,Catera,1997,WBANF33596B133413,4/25/22
213,Garald Elkins,Pontiac,Montana,2005,WBA3K5C58EK637710,3/20/22
214,Louis Parcell,Audi,Coupe Quattro,1990,KMHEC4A48DA064854,11/18/21
215,Bette Morgan,GMC,Safari,1994,3VW4T7AT5EM632861,11/30/21
216,Hilarius McGiff,Ford,Lightning,1994,1FTEX1CM7BF658319,6/11/22
217,Ann Bunclark,Volkswagen,Jetta,2006,SCFFDAAE6CG534700,5/9/22
218,Monika Goldney,Mitsubishi,Expo,1993,1C3ADEAZ1DV325837,8/18/22
219,Reena Freschi,Ford,Thunderbird,1989,1G6AM5SX8D0334382,7/14/22
220,Leon Swaile,Lexus,LX,2004,3D73M3HL8AG076568,8/14/22
221,Othelia Pipping,Chevrolet,Traverse,2010,WAUHF78P59A545532,3/11/22
222,Cecil Twidell,Ford,Tempo,1985,WBAEV334X4K801596,9/16/22
223,Ivy Grass,Hyundai,Accent,2004,JTHBP5C27B5787242,4/21/22
224,Roz Marzellano,Nissan,Sentra,2003,1FTEW1CM1EF260353,4/6/22
225,Dorothea Downgate,Ford,Bronco,1987,3VWKX8AJ4BM426054,2/15/22
226,Augustine Scuse,Chevrolet,Astro,1996,1FTEX1C89AK320591,11/17/21
227,Gale Attride,Chevrolet,Express 1500,1998,JN8AZ1MU1CW803676,11/25/21
228,Arny Burn,Mercury,Sable,2000,WBANW5C53AC903460,7/15/22
229,Estevan Howieson,Ford,Mustang,1984,1GKS2FEJ3DR054924,4/10/22
230,Jodie Chesworth,Acura,Integra,1999,WBALM73589E703313,12/23/21
231,Amory De Paoli,Saturn,Outlook,2009,5UXKS4C56E0335271,10/1/22
232,Garey Gyngell,Cadillac,Seville,2002,1N6AA0CAXEN797595,7/6/22
233,Clemence Bartell,Volvo,C70,2006,1G6AY5S34F0307555,8/19/22
234,Kathie Newitt,Volvo,V40,2004,JTEBU5JR5B5129389,11/29/21
235,Tabbie Merwood,Mercury,Sable,1999,1FBSS3BL2AD642338,5/10/22
236,Muffin Van der Baaren,Land Rover,Freelander,2001,WAUNF98P87A172059,12/21/21
237,Cyrillus Skoyles,Mazda,Familia,1987,TRUB3AFK7C1120364,9/16/22
238,Lonni Bernli,Mitsubishi,Challenger,2004,1FMEU7DE0AU318065,11/6/21
239,Jonas Fillary,Ford,E-Series,1991,3D7JB1ET8BG365019,4/27/22
240,Caesar Eaglesham,Chevrolet,Camaro,1995,2C3CDZFJXFH202214,5/23/22
241,Adriaens Cleveley,Audi,Q5,2010,1D7RB1GK3AS034444,11/4/21
242,Guthry Sabban,Mercury,Mountaineer,2005,19UUA65654A555378,8/12/22
243,Conant Hrycek,Ford,F-Series,1991,1G6DF5EY8B0127158,2/7/22
244,Lottie Sugar,Jeep,Patriot,2008,4A31K5DF9CE895485,1/5/22
245,Anny Restill,Audi,riolet,1997,3G5DB03L56S623737,8/6/22
246,Kalila Neubigin,Acura,ZDX,2010,3D73Y4HL6BG033617,10/23/21
247,Harold Bew,Jaguar,XK Series,2003,WAUDV74F07N020074,7/5/22
248,Katharine Pawlyn,Lincoln,Navigator,2006,3N1AB7APXFL928044,5/15/22
249,Wainwright Churly,Audi,A3,2008,TRUDD38J991846466,11/15/21
250,Pat Mawer,Hyundai,Tiburon,2001,3GYFNGE31CS743863,6/15/22
251,Lionel Phillippo,Maserati,Quattroporte,1984,WA1GFCFS8FR948023,12/21/21
252,Starla Rapson,Isuzu,Oasis,1998,1GYEC63N75R906618,8/25/22
253,Brittan Yeaman,Pontiac,Firebird,1990,WBAPH57519N433782,2/23/22
254,Melonie Launder,Buick,Century,1988,1GYFK63868R637131,7/18/22
255,Franky McGavigan,Chevrolet,Suburban 2500,2001,SALAB2V63EA757735,5/23/22
256,Logan Murty,Nissan,Cube,2009,5TFCW5F17DX069872,3/24/22
257,Gaelan Chatell,Scion,xB,2010,1FMJK1G54DE066414,2/17/22
258,Kimmi Dolling,Chevrolet,Astro,1996,1D7RB1GP3BS524718,8/17/22
259,Filide Wycliff,Dodge,Durango,2005,2G4GV5GV5C9880939,1/9/22
260,Babb Copin,Suzuki,Reno,2006,WBALY1C50ED704182,10/8/21
261,Hardy Trinbey,Isuzu,Impulse,1992,WBAPK735X9A559973,1/25/22
262,Aymer Blune,Mercury,Tracer,1989,5LMJJ3H55CE278864,4/14/22
263,Johnath Rawet,Kia,Forte,2010,WAUVT68E13A865779,3/8/22
264,Ario Malicki,Nissan,Pathfinder,1993,2HNYD28417H006822,10/9/21
265,Dilly Duran,Chrysler,Town & Country,2003,JH4CL95977C641251,3/3/22
266,Edik MacAne,Acura,NSX,1993,3D7TT2CTXBG274154,2/21/22
267,Jackqueline Stallibrass,Mazda,B-Series,1992,WAUCKAFR3AA197113,3/8/22
268,Thorsten Pagin,Ford,F-Series,1986,WBAAZ33404K421332,1/17/22
269,Farra Fanning,Bentley,Continental,2010,1FTEW1C89FK749658,5/11/22
270,Barnebas Toping,Pontiac,Bonneville,1968,WUAYU48H38K759768,11/25/21
271,Reuven Sidebotton,Mazda,Millenia,1997,4T1BF3EK5BU475542,3/23/22
272,Aluin Rowlatt,Porsche,Boxster,2008,WAUCFAFH2DN036809,10/5/22
273,Hollie Volette,Chrysler,Town & Country,2000,WP0AB2A94AS263525,2/24/22
274,Der Ovill,Audi,A8,2006,1N4AL2EP7DC750227,7/3/22
275,Fanchon Lerego,Mercedes-Benz,SLK-Class,2008,WBALM5C53BE441680,5/27/22
276,Roslyn Mallen,Mitsubishi,Pajero,2000,WAUDL74F25N373712,11/20/21
277,Heather De Andisie,Lexus,GS,1998,1C3BC4EB8AN626552,8/14/22
278,Bernetta Verlander,Hyundai,Genesis,2010,1GD12ZCG1BF514544,12/13/21
279,Geri Juan,Pontiac,Grand Prix,1977,WBA6B2C5XFG190765,11/29/21
280,Egon Cowper,Chevrolet,Corvette,1955,WAUBH74F57N892863,1/14/22
281,Rurik Fratson,Cadillac,DeVille,1994,3GTU2YEJ8BG695533,4/28/22
282,Haven Gary,Rolls-Royce,Phantom,2012,3VW4T7ATXEM856739,7/15/22
283,Guinna Stallebrass,Dodge,Dynasty,1993,WAUMGAFL3BA724862,2/2/22
284,Else Risborough,Pontiac,Sunfire,1997,JTHBB1BA3A2494325,11/22/21
285,Courtenay Kinnane,Kia,Sephia,1994,2G4WS55J241606411,11/15/21
286,Hayley Hazeup,Ford,Mustang,1974,1G6AK5S32D0949884,12/9/21
287,Patty Busek,Mercury,Marauder,2004,1C4SDJCT7DC438236,2/14/22
288,Caro Cranmer,Maybach,Landaulet,2009,WBANW135X8C329295,10/11/21
289,Alf Cowser,Chevrolet,Impala,2010,SCBFH7ZA0FC986695,11/15/21
290,Denny Pinn,Toyota,4Runner,1995,1GKUKFDJ2AR017238,12/1/21
291,Silvia Bras,Buick,Regal,2003,1G6AB5RX7D0537808,6/10/22
292,Denny Bennington,Dodge,Ram 3500,1995,2B3CJ7DJ3BH698903,3/23/22
293,Archy Corthes,Mitsubishi,Mirage,1997,WAULT64B52N171221,10/11/21
294,Ursa Canon,Mercedes-Benz,R-Class,2008,JH4NA12603T966960,10/14/21
295,Valentia Elacoate,Mitsubishi,Truck,1989,WBAAX13454P003961,12/2/21
296,Riane Dullingham,Mercedes-Benz,CL-Class,2006,SCBBB7ZH3FC395953,7/31/22
297,Nelly Rodenborch,Suzuki,Sidekick,1997,3C6TD5NT1CG757370,5/24/22
298,Linea Seilmann,Dodge,Charger,2011,WAUAKAFB2AN422916,7/2/22
299,Thurstan Jindracek,Chevrolet,Corvair 500,1963,JM1NC2LFXE0098356,1/15/22
300,Fleurette Eddowes,Lexus,LS,2000,SAJWA0FB0BL585598,6/19/22
301,Eirena Gilbride,Mitsubishi,Mighty Max,1995,3D7TT2CT5BG302149,9/7/22
302,Reggy Ellif,Nissan,300ZX,1991,WAUHFAFL1DN704187,9/12/22
303,Lavinia Bortolotti,Dodge,Challenger,2008,KL4CJBSB1DB900026,3/2/22
304,Madlen Dackombe,Maserati,Quattroporte,2011,2C4RDGEG7DR461833,1/10/22
305,Ave Dobbings,Volkswagen,Cabriolet,1990,2G4GU5GV0D9198281,9/23/22
306,Shelagh Uff,Chevrolet,Suburban 1500,2002,1G6DB1ED8B0346297,1/10/22
307,Anny Suatt,Dodge,Ram Van 1500,1998,WBAKF3C50CE964666,10/26/21
308,Jayme Calcott,Chevrolet,Tahoe,2006,1FTEX1EW0AF403220,12/12/21
309,Dwayne Behagg,Jeep,Wrangler,1993,1GTN1UEHXEZ869958,7/23/22
310,Ferris Aveling,Suzuki,Swift,1988,2G4GK5EXXE9243819,12/9/21
311,Roy Palfree,Acura,TSX,2005,WBAFU9C58DD223859,8/29/22
312,Ketty Sudran,Dodge,Viper RT/10,1993,SCFFDCCD1AG439801,5/7/22
313,Miof mela Cammis,Infiniti,G,2012,JN1BY0AR1AM796544,5/21/22
314,Rolf Aseef,Aston Martin,V8 Vantage S,2012,1G6DL1ED4B0129648,11/3/21
315,Rudolf Pesticcio,GMC,3500,1992,JH4DC53862C452798,10/21/21
316,Sherye Physick,Oldsmobile,Ciera,1995,WBA3N3C59FK177941,4/10/22
317,Molli Pasek,Hyundai,Sonata,1994,1GYFK362X9R394463,9/4/22
318,Rad Blown,Plymouth,Grand Voyager,1992,1GYS4JEF4ER843292,4/11/22
319,Standford Vashchenko,Porsche,911,2005,2C3CDXCT0DH928526,4/18/22
320,Missie Danev,Dodge,Dakota Club,2004,WAUNF98P28A177131,3/1/22
321,Gray Chadwen,Infiniti,Q,2002,1G4GA5ECXAF564356,5/30/22
322,Brook Eyton,Chevrolet,Express 2500,2007,1G6DG5EG2A0204822,4/2/22
323,Nikoletta Balsellie,Mitsubishi,3000GT,1994,WAUXU64B62N163563,8/10/22
324,Gerrilee Whales,Suzuki,Grand Vitara,2003,WBAWL13518P416279,10/9/21
325,Pedro Keuning,Subaru,Impreza WRX,2010,JTEBU5JR0E5582324,7/24/22
326,Sherri Litchfield,Ford,Taurus,1997,YV140MEA6F1568504,8/11/22
327,Fran Brett,Land Rover,Defender,1994,5J8TB4H5XGL720737,11/1/21
328,Bren Klemencic,Infiniti,J,1995,WVGAV7AX0CW946185,8/2/22
329,Merrili Ivatt,GMC,Yukon XL 2500,2011,1FTWW3DY2AE854340,10/29/21
330,Rona Burlay,Subaru,Legacy,2007,JN1BY1ARXEM460595,4/6/22
331,Natalee Kermode,Mitsubishi,Montero,2001,WBA1K5C55FV449072,8/2/22
332,Falito Bedin,BMW,M5,2001,5XXGM4A78CG212931,6/7/22
333,Cullen Upson,Mercedes-Benz,S-Class,2012,JTHBL1EF1E5322626,2/6/22
334,Nataline Good,Toyota,Tacoma Xtra,1997,WBA3F9C59EF437312,11/26/21
335,Missie Dunkirk,Toyota,Highlander Hybrid,2007,2C3CDYAG0CH198238,3/24/22
336,Marcus Weeds,Dodge,Ram Van 1500,2003,5J8TB18209A183976,10/19/21
337,Fredi Orford,Mitsubishi,Montero,2005,WBA4A9C57FG323839,1/21/22
338,Dorree Jain,Dodge,Grand Caravan,2012,5FRYD4H66GB669035,3/23/22
339,Flem Bilson,Audi,R8,2012,3GYFNBEY6BS748828,3/19/22
340,Rowen O'Donoghue,Ford,F-Series,2008,WBAUN1C50BV328408,5/27/22
341,Zonnya Arnao,Dodge,Stratus,2001,3G5DB03E55S530233,12/4/21
342,Kristien Milmore,Lincoln,MKX,2009,2C3CDXCT7CH979147,2/28/22
343,Florencia Schirach,Lamborghini,Countach,1986,WBALL5C56CJ717801,1/6/22
344,Gordy McGrudder,Hyundai,Tucson,2005,3N1BC1AP9AL835488,7/5/22
345,Brittani Witter,BMW,7 Series,1999,1GD022CG7CZ068290,1/9/22
346,Ryon Straker,Buick,Century,2005,WDDHF2EBXDA561660,8/1/22
347,Merridie Hardiman,Dodge,Ram Wagon B250,1992,1GYS3EEJ6BR731166,5/10/22
348,Lauri Simmins,Chevrolet,Express 3500,1996,1GYS4FEJ8DR579557,1/13/22
349,Hanni Archard,Mercury,Mystique,1999,SALFR2BN5CH648100,1/11/22
350,Wittie Speek,Land Rover,Defender Ice Edition,2010,5N1AN0NU0CC793817,10/16/21
351,Lynsey Downe,Volkswagen,Golf,2004,1FTMF1EW5AF532679,8/23/22
352,Skip Scoffham,BMW,5 Series,2002,5UXFF0C58AL617662,7/5/22
353,Merle Beacroft,Subaru,XT,1989,JTDKTUD36DD442808,11/5/21
354,Rozanne Cordell,Dodge,Grand Caravan,2010,1GD220CG3CZ884328,2/13/22
355,Bennie Hampshire,Chevrolet,Suburban 1500,1999,WAUML44D13N733272,11/9/21
356,Porty Stoddard,BMW,8 Series,1994,3C6JD7DP2CG759538,3/7/22
357,Ossie Tomas,Volkswagen,Corrado,1994,1G6DH1E39E0032684,4/30/22
358,Rodi Wheadon,Ford,Tempo,1987,WAU4FAFR9CA847249,5/26/22
359,Jasper Elsay,Buick,LeSabre,1990,5J6TF2H52FL100092,2/2/22
360,Talbert Hacksby,Mitsubishi,Pajero,1989,WBAUT9C55AA048350,5/17/22
361,Carmelita Haddacks,Buick,LeSabre,1998,WBAUL7C53CV321334,9/12/22
362,Darcy Tynemouth,Lotus,Esprit,1993,JH4KA96661C188768,11/24/21
363,Farlay Tidcomb,Dodge,Viper,2003,KNAFX6A81E5789375,3/6/22
364,Imojean Cornil,Chrysler,Concorde,1999,WBADT33412G037459,11/22/21
365,Raina Dury,Mercedes-Benz,C-Class,1994,1G6DV5EP8D0844253,1/4/22
366,Selina McInally,Dodge,Ram 2500,1997,1G6AG5RX1D0964998,5/31/22
367,Kathi Ainsley,Toyota,Camry,1999,NM0GE9F70F1943823,12/1/21
368,Glynda Malter,Volkswagen,Passat,1985,JH4DC53874S203905,6/6/22
369,Cinderella Van Waadenburg,Mitsubishi,Galant,2000,1YVHZ8AH8A5383454,9/1/22
370,Haily Sugars,GMC,Savana 3500,1996,WVGAV7AX2FW028460,9/10/22
371,Antin Waggitt,Volvo,V70,2004,3GYFK66N23G494222,5/29/22
372,Evangelina Sprade,Suzuki,Sidekick,1998,SALWR2TFXFA633905,5/16/22
373,Worthington Exroll,Oldsmobile,Ciera,1994,5NPDH4AE3EH377959,6/9/22
374,Chrisse Stanworth,Mitsubishi,Truck,1990,5NPDH4AE3FH139062,4/13/22
375,Brittan Yegorkov,Volvo,C30,2010,WAUEF78E48A910492,6/9/22
376,Philippine Furby,Dodge,Ram Van B350,1992,SALVP1BG2EH959581,4/22/22
377,Abbye Cranna,Mitsubishi,Galant,2005,WBAUN13538V573499,3/10/22
378,Arnoldo Grabiec,GMC,3500 Club Coupe,1993,WDDGF4HB9CR146297,3/11/22
379,Pearla Buterton,Toyota,Camry,1997,WAUSF98K59N980372,5/6/22
380,Ebeneser Sydenham,Plymouth,Colt Vista,1994,1FTMF1EW6AF611889,9/15/22
381,Michal Redford,Buick,Rainier,2006,WDDGF5EB3BR322785,6/15/22
382,Skipton Brodeur,Mercury,Villager,1999,1G6AA5RA3D0057490,10/16/21
383,Coleman Selwyn,Audi,Coupe GT,1987,3VWC17AU7FM452762,11/16/21
384,Lenka Carlo,Maserati,Spyder,1991,WBAYA6C53FG731271,4/19/22
385,Kirby Extance,Lexus,ES,1993,WBAWC7C51AE699772,11/7/21
386,Roshelle Kloss,Ford,Escort,1995,2HNYD2H88DH329585,9/24/22
387,Jeanne Cookes,BMW,745,2002,1GYS4KEF0CR059968,5/30/22
388,Haleigh Stroobant,Mazda,B-Series Plus,1997,5UXFA13555L732553,4/30/22
389,Lynn Filipponi,Subaru,Legacy,2008,WAULFAFH4AN113966,4/19/22
390,Tobit Brittle,Honda,Passport,2000,3LNHL2GC5CR027717,9/17/22
391,Charmaine Bratchell,GMC,Sierra 2500,2010,3VWKX7AJ1DM462393,3/6/22
392,Morley Albon,Dodge,Caliber,2011,3GYFNAE31ES182547,10/17/21
393,Budd Dewer,Cadillac,Eldorado,1994,WBALZ3C53CC725247,8/8/22
394,Mara Lamkin,Mazda,B-Series,1994,2T1BPRHE1FC014433,2/18/22
395,Evelin Hammerton,Dodge,Ramcharger,1992,WAULD64B14N419495,11/27/21
396,Kristyn Wheelhouse,Toyota,Solara,2004,WA1LKAFP8AA631375,5/27/22
397,Annmaria Mayfield,Chevrolet,1500,1995,WAUMV94E59N661601,11/10/21
398,Pammi Larkkem,Lincoln,LS,2003,3VW517AT6FM597422,1/8/22
399,Kelly Byrne,Pontiac,Firebird Formula,1999,JHMFA3F23BS264627,9/11/22
400,Nissa Yankov,Dodge,Omni,1978,5TDDK3DC1FS035752,11/25/21
401,Naoma Duhig,BMW,M3,2001,1N4AL3APXDC177397,11/8/21
402,Emmalynn Bavester,Volvo,240,1992,3GYT4NEF5BG527715,5/8/22
403,Venus Dockray,Dodge,Ram 1500,2009,1LNHL9DK0FG980903,12/14/21
404,Sollie Postians,Lexus,CT,2011,JH4KB2F69CC401932,5/25/22
405,Genia Cockell,Suzuki,Kizashi,2010,SCFFBCCD7AG032376,3/20/22
406,Florina Anfosso,Dodge,Ram 1500,2001,2C3CDYCJ2DH511350,12/13/21
407,Roseanna Demaid,Mercedes-Benz,CLK-Class,2000,SCFAB01A97G135115,8/14/22
408,Binnie Parcall,Audi,S6,2007,19XFB4F20DE909003,9/6/22
409,Romy Muffett,Subaru,Tribeca,2012,WBSBR93435P952287,8/31/22
410,Lydia Carine,Cadillac,Escalade EXT,2010,1G6DD67V890745556,11/25/21
411,Herc Manifold,Dodge,Ram 1500 Club,1998,WBA3T7C59F5436696,10/5/22
412,Corette Bartod,Toyota,Tundra,2001,1G6AC5S32F0344215,12/11/21
413,Sapphira Fennell,Land Rover,Discovery,2007,SCFAB01E59G158607,9/19/22
414,Adah Matthew,Ford,Ranger,1985,WAUGL98E85A589212,11/25/21
415,Jewelle Steels,GMC,Yukon,2002,JN8CS1MU5EM463220,9/12/22
416,Trina Pride,Nissan,Versa,2012,5GADV23L25D047844,2/27/22
417,Tabbitha Samwayes,Toyota,Land Cruiser,1999,WAUEH48H77K813802,8/25/22
418,Fernando Kiehl,Dodge,Charger,2012,WBABS33463P854258,12/4/21
419,Odetta Earp,Mercury,Sable,1998,2C4RDGEG4DR966907,4/13/22
420,Matelda Copelli,Nissan,Murano,2005,W04GY5GV1B1872071,8/9/22
421,Ferrel Keatch,Audi,5000S,1986,WAUAFAFHXDN098577,6/23/22
422,Eddie Stickley,Dodge,Ram 2500 Club,1996,JM1GJ1T56E1960434,10/16/21
423,Tiena Pedlingham,Volvo,S80,2010,1GTN1TEX1DZ894005,11/5/21
424,Linea Chalder,Nissan,Xterra,2006,JHMFA3F20BS797776,7/3/22
425,Sofia Trunchion,Oldsmobile,Achieva,1995,WAUVT68EX5A646225,6/8/22
426,Marillin Wren,BMW,760,2005,3D4PH6FV4AT957901,11/9/21
427,Pedro Pindell,Toyota,Land Cruiser,2001,WAUFFBFL8AN319881,5/4/22
428,Moore Dearsley,BMW,X3,2012,WAUVT58E52A001925,7/31/22
429,Elfie Amiable,Ford,F350,1997,5J8TB1H23CA537786,10/26/21
430,Margarette Davies,Dodge,Intrepid,2002,YV126MEC1F1206118,8/25/22
431,Barth Haskew,Chevrolet,Malibu,2002,WAUHF68P46A777707,5/4/22
432,Domenico Paddefield,Dodge,Dynasty,1993,WA1CYAFE8AD206220,10/26/21
433,Uta Sillick,Mitsubishi,Lancer Evolution,2003,WA1DMAFP2FA212315,7/20/22
434,Tabby Roeby,GMC,Savana 3500,2011,5N1AA0NC1BN472973,9/1/22
435,Raquela Speake,Ford,F-350 Super Duty,2006,WVWED7AJ1DW228490,12/8/21
436,Katine Abry,Nissan,Murano,2006,WAUR2AFDXEN110689,5/6/22
437,Cherish Durban,Pontiac,Solstice,2006,WDDGF5EB9AR305620,4/18/22
438,Tandy Wheal,Dodge,Grand Caravan,1998,2C3CA3CV4AH361722,9/13/22
439,Derrek Baddoe,Dodge,Caliber,2011,1GKS1EEF5ER350957,9/4/22
440,Pippy Spinnace,Honda,Civic Si,2006,2G4GS5EV8C9517224,4/8/22
441,Marsha Hagley,Mercedes-Benz,500SL,1993,1C3BC4FBXBN425641,6/17/22
442,Portia Owbrick,Saturn,VUE,2002,1N4AB7AP8EN514374,4/30/22
443,Lucretia Bennie,Nissan,Quest,2006,3LN6L2LU1FR876933,1/18/22
444,Ciel Muir,Chrysler,Cirrus,1998,KMHEC4A41EA395017,11/27/21
445,Miranda Windridge,Hyundai,Accent,2000,5LMJJ3H53DE700664,2/2/22
446,Karylin Gunning,Mercedes-Benz,400E,1992,WAUML44D12N492179,8/3/22
447,Shana Kilpatrick,Ford,Flex,2011,WBAWL7C59AP361914,4/14/22
448,Bernadene Locke,Hyundai,XG300,2001,1G4GE5G33EF135485,8/7/22
449,Prentice Robertsson,Mercury,Sable,1990,WAUD2AFD7EN434435,8/12/22
450,Frank Doerrling,GMC,Sierra Hybrid,2006,JH4CL95848C317120,8/7/22
451,Orin Batchelor,Toyota,RAV4,2010,WUAPV64B43N784983,3/25/22
452,Gaston Jacmard,Toyota,Camry Solara,2007,2G4GN5EX0F9240520,8/12/22
453,Cloe Losel,Chevrolet,Corvette,1961,2C3CA4CG3BH620581,2/7/22
454,Tadeas Langsdon,Chevrolet,Silverado 3500HD,2006,4A4AP3AU3EE993709,6/18/22
455,Aggie Agates,Dodge,Ram 2500,2003,1N6AF0LX1EN816668,3/19/22
456,Karl Arman,Dodge,Ram Van 1500,1996,WAUCFAFC3FN191523,2/16/22
457,Anne Menear,Pontiac,Sunfire,2001,3D7JB1EK5AG315216,9/3/22
458,Cynthia Tripcony,Hyundai,Tucson,2006,WBY2Z2C55FV149547,12/12/21
459,Merissa Meagher,Toyota,Tundra,2000,SALGR2VF7FA266608,9/4/22
460,Artus Stammer,Mazda,RX-7,1994,5UXFA53592L725432,9/30/22
461,Freda Reckhouse,BMW,X6 M,2011,5FPYK1F41DB528349,7/16/22
462,Chip O'Growgane,Chrysler,300M,1999,3N1BC1AP5AL414724,3/11/22
463,Kristien Conachy,Mercury,Cougar,1995,1GD02ZCG5DF210714,9/25/22
464,Clara Yezafovich,Dodge,Stratus,1999,WAUR4AFD9DN125077,6/9/22
465,Nisse Hennemann,Jeep,Grand Cherokee,1998,2C4RRGAG0DR482076,9/25/22
466,Leeann Polak,Toyota,Previa,1994,WBALY1C53ED903517,7/28/22
467,Yetty Pinn,Infiniti,I,2004,19XFB2E51FE011500,12/6/21
468,Boothe Paulusch,Ford,Probe,1989,YV1672MW2B2001085,9/19/22
469,Dougie Bodiam,Mazda,MX-3,1992,1FTSW2A58AE788556,5/10/22
470,Mattheus Piggen,Suzuki,Swift,2006,1FMJK1G55EE835598,4/30/22
471,Orella Tellwright,Kia,Spectra,2000,KNDJT2A15B7736635,5/11/22
472,Bond Berrick,Isuzu,Space,1992,WAUGL78E47A612248,2/9/22
473,Anni Nelligan,Toyota,Celica,1976,3D73Y4CL4AG447534,7/27/22
474,Kylie Pes,Toyota,MR2,2000,JM3TB2BA5C0713402,7/17/22
475,Lin D'Adamo,Volkswagen,Eurovan,1993,3C3CFFBR8CT253671,12/3/21
476,Claudelle Tibb,BMW,M Roadster,2006,WBAVA33568F742078,11/25/21
477,Keriann Vaneev,Chevrolet,Silverado 3500,2012,WAUSF78E78A943036,10/12/21
478,Monti Kyles,Lamborghini,Countach,1986,1C4RDHAG3EC372511,6/1/22
479,Bartholomeus Pykerman,Toyota,Land Cruiser,2008,WBAUP9C59DV766730,2/12/22
480,Farrell Switsur,GMC,Sonoma Club,1992,YV1902FH2D2773508,11/23/21
481,Rowe Houseley,Ford,Explorer,2013,1C4NJCBA5DD887605,6/22/22
482,Luella McGiff,BMW,X3,2006,1FTSW3B52AE083417,7/23/22
483,Toby Holtaway,Volvo,V70,2009,5N1AR1NB7CC045140,6/1/22
484,Jimmie Copes,Mitsubishi,Challenger,2001,KMHFG4JG2CA287876,11/4/21
485,Lelah Eccott,Ford,Econoline E150,1995,WAUTFAFH4CN699314,10/27/21
486,Callean Burgen,Honda,CR-Z,2012,1G6DV5EP5E0687962,4/24/22
487,Cindie Kellick,Volkswagen,Passat,2007,WA1BV74L57D885722,5/1/22
488,Katerine Giffin,Nissan,Sentra,2012,3D7LP2ET6BG853076,9/22/22
489,Regan Geddes,Toyota,Tacoma,2004,JTHDU1EF9C5456951,7/23/22
490,Killian Duxbarry,Mercury,Mountaineer,2003,WAUKD78PX7A807280,2/24/22
491,Brook Tewkesberry,BMW,6 Series,1989,1G4PS5SK3D4652724,5/9/22
492,Lulita Hassan,Isuzu,Rodeo,1996,1GYS4JEF7DR574512,9/25/22
493,Thurston Aikenhead,Honda,Passport,1997,1GYS4AEFXBR268868,8/27/22
494,Faina Coat,Morgan,Aero 8,2009,19XFA1E55AE906039,9/9/22
495,Brett Tether,Ford,Edge,2013,WAULD54B62N205657,6/26/22
496,Shelia Yeldham,Cadillac,Seville,1994,JH4CL96887C816385,11/7/21
497,Mordy Kendrick,Cadillac,Escalade EXT,2008,1G6AZ5S3XF0953115,8/18/22
498,Sammy Riquet,Chevrolet,Silverado 3500,2003,KMHGC4DD4EU686467,4/6/22
499,Sada O'Sheils,Subaru,Loyale,1993,1FTEW1CF6FF915917,8/3/22
500,Lucias Tribbeck,Ford,Econoline E250,1997,1C3CDZAB4EN972298,9/16/22
501,Brand Tosspell,Mercedes-Benz,S-Class,1997,1G6KD57Y19U977730,3/25/22
502,Ebony Clabburn,Suzuki,Verona,2006,WAU4FAFR8BA502891,8/31/22
503,Allianora Braemer,Chevrolet,G-Series 1500,1997,WAUDH98E38A866048,6/28/22
504,Hillery McNae,Cadillac,SRX,2007,YV1902AH9D1880293,10/17/21
505,Abrahan Fessler,GMC,Yukon Denali,2006,JHMZE2H37DS897832,2/17/22
506,Callida Gwyer,Toyota,Solara,2006,SCFFBCCDXAG122203,10/11/21
507,Octavia Crackett,Volkswagen,New Beetle,2001,WBAEB5C50AC154354,3/13/22
508,Margaux Dinis,Porsche,Cayenne,2005,WBA3R5C55EF015697,7/7/22
509,Josefina Waddup,Chrysler,PT Cruiser,2008,WDBWK5EA8AF509091,1/18/22
510,Frants Frensche,Ford,F150,2010,1G6DC1E35D0454657,5/15/22
511,Brand Girling,GMC,Suburban 2500,1999,WBAPH57519N170970,6/17/22
512,Andrus Isaac,Spyker,C8 Spyder,2004,WBAEH73415B183228,9/4/22
513,Kary Slowly,Honda,Insight,2004,1G6AJ5SX7F0382497,10/5/22
514,Rodrigo Portail,Dodge,Caravan,2011,4T1BD1FK9EU145528,6/24/22
515,Cally Staunton,Volkswagen,Cabriolet,1985,SCBCR73W27C879685,9/5/22
516,Jacynth Fritchly,Acura,MDX,2003,TRUWX28NX21320219,7/6/22
517,Winfield Coche,Toyota,Highlander,2003,YV1672MS3B2582514,7/20/22
518,Noah Tukely,Mitsubishi,Eclipse,1996,WAUEF78E77A013536,9/21/22
519,Boone Rameaux,Dodge,Ram Van 1500,2003,JN1CV6AP1AM939734,8/7/22
520,Mariel Couche,Jeep,Patriot,2009,5N1AR2MMXDC908040,3/19/22
521,Jacob Squirrell,Volvo,S70,1998,JH4CL95906C178206,12/2/21
522,Bevin Tuhy,Buick,LaCrosse,2008,2B3CK9CV8AH108464,9/24/22
523,Kelsey Garnsworthy,Ford,F250,2007,JTHHE5BC0F5329946,6/8/22
524,Pippy McElroy,Audi,Q7,2008,SCFAB22301K325630,2/10/22
525,Tony Blowing,Lexus,SC,2009,WAUKF78E68A160872,5/15/22
526,Marlee Rentoul,Subaru,Legacy,1991,1GD11ZCG8BF492495,5/21/22
527,Andonis Ikin,Mercedes-Benz,E-Class,1996,1GKS2FEJ1DR724017,2/23/22
528,Mikel Farrington,Lexus,LX,1996,WAUJT54B13N967001,9/13/22
529,Henka Stranks,Mercedes-Benz,300TE,1992,1C6RD7JT5CS566829,7/20/22
530,Davine Leeb,Isuzu,Trooper,1994,WBAAW33411E171652,9/11/22
531,Marylinda Parmeter,Ford,F350,2007,ZHWGU5BZ7DL501264,7/7/22
532,Marlin Jochens,Lincoln,Continental,2001,WBA3V9C52FP769381,4/13/22
533,Bendix Wasiela,Mazda,Miata MX-5,2005,WBAFB33541L986496,6/26/22
534,Dennie Wyant,GMC,Suburban 2500,1997,JH4CU2E87EC124556,1/22/22
535,Natalina Capron,Pontiac,Bonneville,1997,WAUBF48H38K905676,10/30/21
536,Jeannie McGill,Scion,xB,2010,1C3BCBGG2EN515952,5/16/22
537,Gal Campes,Mercury,Capri,1994,1J4PN2GK8BW838239,11/6/21
538,Chelsie Kingsnode,Honda,Pilot,2008,KNAFU6A20C5901309,5/18/22
539,Romola Kippie,Chevrolet,Citation,1980,KMHFG4JG1EA719926,7/7/22
540,Edvard Burree,Ford,F150,2004,1N6BF0KM9FN413678,3/1/22
541,Jeralee Windebank,Mitsubishi,Endeavor,2005,5N1AT2ML6EC841480,7/24/22
542,Angelica Haggis,Chevrolet,Silverado 2500,2003,2V4RW3DG3BR927362,8/17/22
543,Happy Goede,Volkswagen,Golf,1985,3VWF17AT0FM306563,2/20/22
544,Ralf Rous,Bentley,Continental,2006,5YMGZ0C59E0260844,5/21/22
545,Gray MacKissack,Volkswagen,Type 2,1988,3C6TD5MT8CG457813,3/7/22
546,Candi Ebbings,Mitsubishi,Galant,1988,5N1AA0NC4AN028890,10/11/21
547,Jill Baggarley,Infiniti,Q,2003,JH4CU2F66BC282606,4/24/22
548,Tiena Crenshaw,Chevrolet,Sportvan G30,1995,JN8AZ1MU3EW384104,10/7/21
549,Calhoun Deverill,GMC,Yukon,2004,2T1BURHE3FC500198,6/2/22
550,Oliviero Traher,Acura,MDX,2012,WBAUP3C5XBV436184,6/18/22
551,Hildegarde Moysey,Mitsubishi,Galant,1991,WBABS53432E294642,4/11/22
552,Delmor Danielian,Ford,Tempo,1987,SCBLC37F14C395149,4/9/22
553,Tyler Marrion,Chevrolet,Corvair 500,1963,2C4RDGDG6CR323698,9/18/22
554,Ardella Dammarell,Pontiac,Safari,1987,3GYFNFE35CS478522,9/23/22
555,Reinwald Bielefeld,GMC,Canyon,2007,5TDBK3EH4BS930454,11/18/21
556,Charis Wheelband,Lexus,ES,2004,WAULD54B53N115000,3/24/22
557,Brice Horrigan,Hyundai,XG350,2002,WAUKF78E68A914837,7/1/22
558,Daffi Kearle,GMC,Jimmy,1999,WBY2Z2C5XEV160946,6/18/22
559,Aubrey D' Angelo,Jeep,Grand Cherokee,2000,1C4RDJEG3FC569469,5/13/22
560,Mill Houlison,Volvo,V40,2000,5N1CR2MN4EC179035,11/24/21
561,Collette Jinkins,Mercedes-Benz,C-Class,2007,1G4GL5G33DF401897,7/30/22
562,Suzette Coucher,Smart,Fortwo,2011,JTHDU1EFXE5014991,9/5/22
563,Toni Jore,Mitsubishi,Excel,1987,1ZVBP8JS9C5816468,5/1/22
564,Cherry Orford,GMC,Savana 3500,2003,3D7JB1EP7BG884274,12/29/21
565,Tanney Llorente,Acura,SLX,1998,WAUJFAFH9DN019352,11/28/21
566,Giorgia Fessler,MINI,MINI,2002,JA4AD3A38FZ593740,12/14/21
567,Melisa Poure,Chevrolet,Camaro,1978,1N4AL2AP3BN562912,8/8/22
568,Glynda Rontsch,BMW,3 Series,2000,WAUDH98E46A816353,5/8/22
569,Moishe Widger,Ford,E-Series,2001,SCFFDCCD6BG635492,5/18/22
570,Farlee Butteris,GMC,Savana,2007,1N6BF0KX0FN467378,1/12/22
571,Cathie Shilling,Ford,Focus,2006,WAUJC68E43A638052,3/9/22
572,Maura Radenhurst,Honda,Accord Crosstour,2010,WDDGF5EB0BA394560,5/7/22
573,Berny Tilio,Jaguar,XF,2009,NM0AS8F77E1563627,4/1/22
574,Pieter Bamborough,Dodge,Ram 1500,1997,WBA3A5G58DN215981,7/16/22
575,Cara Kohnert,Mercury,Marquis,1986,WBAET37415N133218,11/10/21
576,Rolph Gouth,Nissan,GT-R,2009,JTEBU5JR7B5486315,8/16/22
577,Othilie Hughson,Kia,Soul,2012,JTDKTUD3XED766748,8/15/22
578,Nathalia Buttery,GMC,Yukon,2006,JN1AJ0HP2BM767687,7/5/22
579,Lavinie Minghella,Hyundai,Tucson,2005,VNKJTUD38FA985651,9/5/22
580,Blithe Daveran,Nissan,Sentra,2010,WAULT58E52A097157,7/5/22
581,Henriette Beaument,Ford,Five Hundred,2007,1FTEW1CM0EF850222,3/10/22
582,Bernard McGaugan,Dodge,Stratus,1999,WAUDF98EX7A844441,12/6/21
583,Carry Dunford,Ford,Econoline E350,1996,1GYS3FEJ1BR906347,3/30/22
584,Tiertza Sapseed,Cadillac,CTS,2011,WAULD64B42N469210,3/22/22
585,Christoph Wyles,Ford,F-Series Super Duty,2012,WAUEF98E97A331444,1/19/22
586,Stevana Brodnecke,Honda,CR-Z,2011,2FMDK3AKXEB211783,8/9/22
587,Hale Hulme,Isuzu,i-290,2008,1G6DH5EY2B0011450,3/18/22
588,Keven Schott,Isuzu,Axiom,2003,1FTEX1CM6CF906156,5/4/22
589,Decca Raiment,GMC,Sierra 3500,2001,WBALZ3C57CC891531,1/31/22
590,Roxane Couch,Pontiac,Grand Am,1985,5XYKT3A16CG022995,1/10/22
591,Fionna Cadwaladr,Shelby,GT350,1969,WBAVA37547N133313,4/12/22
592,Ninetta Filip,BMW,M,2000,1G6KE57Y01U174022,11/20/21
593,Luci Beddie,Porsche,911,2009,WAUAH94F66N996350,1/1/22
594,Gerrie Mazillius,Jeep,Cherokee,1999,WBAEH73494B829629,1/13/22
595,Robbie Tonkinson,BMW,7 Series,1999,JN8AE2KP8C9167903,5/21/22
596,Zaria Seint,Chevrolet,Silverado Hybrid,2006,WAULC68E35A733990,9/17/22
597,Amity Duffan,Mazda,Tribute,2008,JTHBC1KS5A5030487,12/12/21
598,Dorene Bear,Chevrolet,Express 2500,2012,WBANN735X6C462853,5/5/22
599,Kania Gannon,Buick,Regal,2012,WAUAF78E78A981202,1/3/22
600,Rochelle Simanenko,Volkswagen,GLI,2009,2G4WB52K011858277,5/4/22
601,Ferguson Bertie,Nissan,Cube,2009,1C3BCBGG7CN869334,2/8/22
602,Andrey Bassill,Mazda,MX-3,1994,JM1NC2LF8E0872247,7/24/22
603,Jeffry Vern,Mercedes-Benz,CL-Class,1998,WAUVT58E85A851519,6/22/22
604,Benjie Demangel,Land Rover,Discovery Series II,2001,1G6KY54953U409148,2/23/22
605,Rabbi Cicccitti,Ford,Ranger,1985,WAUVT68E85A749479,3/15/22
606,Carlin Larcombe,Dodge,Challenger,2008,WBA3B9G58FN024813,1/27/22
607,Mel Ledgley,Dodge,D150,1993,WAUXU54BX3N476532,7/7/22
608,Carce McCullagh,Jeep,Wrangler,2002,JTDBT4K36B1734167,1/26/22
609,Miguela Lanceley,Mazda,MX-6,1991,2T1BU4EE6CC113972,3/25/22
610,Robinett O'Reagan,Infiniti,QX,2011,WBAKB0C53BC146269,2/11/22
611,Chicky Giovannardi,Nissan,Rogue,2010,5N1AN0NW5DN955562,8/5/22
612,Lorie Dupoy,BMW,745,2003,WBAYB6C57FD934985,4/17/22
613,Merrili Worsall,Mitsubishi,Expo LRV,1996,SCBBR9ZA5DC648228,4/15/22
614,Fredrick Dearl,Pontiac,Grand Am,1994,WAUMFAFL6AN263778,4/21/22
615,Baron Skeen,Lexus,GX,2005,WAULFAFR9DA909228,1/21/22
616,Farrah Jermey,Cadillac,Eldorado,1997,WAUAH94F67N753915,9/1/22
617,Caritta Burl,Kia,Optima,2003,19UYA42691A275727,9/8/22
618,Anny Petry,BMW,Z4,2004,WAUML44D92N694770,6/18/22
619,Robbie Gibbon,Mercury,Villager,2000,WVWED7AJ5CW524532,2/7/22
620,Dukie Hinrich,Dodge,Ram Wagon B350,1994,WAULT68E45A226256,10/16/21
621,Binky Beachamp,Volvo,V70,2009,3C3CFFJH1FT218239,2/24/22
622,Anselma Llewelly,Porsche,Carrera GT,2005,JN1CV6EK2DM675197,8/12/22
623,Esdras Boyde,Volkswagen,GTI,2008,5N1AA0NC4CN489462,9/25/22
624,Julie Sighart,Hummer,H2 SUT,2006,19UUA56722A174280,3/15/22
625,Benji Bloxland,Dodge,Dakota,1995,WAUYGBFCXCN993376,10/17/21
626,Gilli Tregidgo,Mercedes-Benz,SL-Class,1988,2C4RRGAG7DR379902,1/2/22
627,Agustin Lednor,Mercedes-Benz,E-Class,1991,1G6DG1E37E0258256,8/3/22
628,Elmo Romaine,Subaru,Brat,1987,JN8AZ2KR1DT984575,1/13/22
629,Genna Gethouse,Eagle,Talon,1994,WBA3K5C56EK355324,1/2/22
630,Francis Sterte,Audi,A4,2004,1FTWX3B59AE689909,9/30/22
631,Haleigh Fincke,Ford,Taurus,1987,3VW507AT9FM389151,9/4/22
632,Regan Caffrey,Nissan,240SX,1992,WAUFMAFC7EN301782,11/22/21
633,Caryl Mitchenson,MINI,Countryman,2011,WBA3A5C53DF611803,2/28/22
634,Wright Krale,Volkswagen,GTI,1988,JN1AZ4EH6FM235989,12/25/21
635,Camellia Noddle,Audi,S5,2009,WAUBF78E28A646854,5/20/22
636,Michaella Griffitt,Volvo,XC70,2010,WBAAV33411F576715,12/14/21
637,Marchelle Robion,Suzuki,Forenza,2007,WBA5B3C57ED576948,4/9/22
638,Terrill Yurenev,Chevrolet,Express 1500,2010,1FTSE3EL4AD735084,10/23/21
639,Sofie Plume,Jeep,Compass,2011,WBAVB33566A080395,6/29/22
640,Dyanne MacEllen,Ford,Taurus,1987,WDDEJ7EB0EA760720,9/5/22
641,Viki Joannidi,Ford,F350,1992,1G4GL5G36DF405135,11/11/21
642,Corie Drover,Audi,RS 4,2007,1G6DW677860850301,5/29/22
643,Eulalie Reddoch,Volkswagen,Passat,2005,WBAWC33509P499362,1/17/22
644,Jen Torvey,Lexus,GX,2012,VNKKTUD32FA985908,8/18/22
645,My Cayser,Suzuki,Grand Vitara,2004,WA1EV94L88D789271,7/10/22
646,Linda Gulston,Land Rover,Range Rover,1986,5N1AR1NBXAC628248,4/19/22
647,Rozalie Downham,Honda,Odyssey,2008,WVWGD7AJ6EW948815,8/28/22
648,Pam Premble,Lotus,Elise,2004,1N6AA0CH7FN871621,3/30/22
649,Lynda McCloughlin,Kia,Sportage,2012,WBAKF5C51DJ261050,6/16/22
650,Waylan Mocker,Nissan,Murano,2005,1FTKR1AD7AP843382,7/14/22
651,Ardeen Redmile,Nissan,Altima,1998,WAUFFAFL7BN118100,6/20/22
652,Deane Amber,Saab,3-Sep,2012,1G6EL12Y92B467336,7/16/22
653,Merci Duding,Volkswagen,Cabriolet,2001,2C3CA5CV6AH303820,9/8/22
654,Wilmette Martinat,Oldsmobile,Silhouette,2002,WP0CA2A80BU489330,7/12/22
655,Hamil Bellelli,GMC,Rally Wagon 1500,1992,WAUVT58E84A058378,7/23/22
656,Abigale Mould,Pontiac,Vibe,2006,YV4960DL4A2529738,7/1/22
657,Ram Orgen,Acura,TSX,2007,WBAVC73567A079950,6/29/22
658,Neron Disney,Toyota,Tacoma Xtra,1996,5FRYD4H85FB867928,3/15/22
659,Jami Holliar,Fillmore,Fillmore,1960,KNADH5A33A6805096,8/3/22
660,Olvan Winsper,Suzuki,Aerio,2002,1G4HP52KX34659254,10/4/22
661,Panchito Methingam,Chevrolet,Express 2500,2001,WBAVB73578K615951,2/20/22
662,Renard Konneke,Ford,Mustang,1964,5UXKS4C54E0918101,7/14/22
663,Chrysa Bastiman,Saturn,L-Series,2005,WBABS53441E859995,1/27/22
664,Sarena Petteford,GMC,Savana 2500,2005,WAUJC58E04A730772,5/20/22
665,Morton Swayte,BMW,Z4,2006,WBA4A5C56FG492436,3/24/22
666,Rebecca Bruckent,Land Rover,LR3,2006,JN1AZ4EH4FM675046,7/2/22
667,Lenna Bretland,Subaru,Alcyone SVX,1993,WVGEG9BP1CD364341,6/6/22
668,Bab McCoy,GMC,Jimmy,2000,1G6DA8EY3B0478625,3/15/22
669,Padraic Corse,Chevrolet,Volt,2011,5N1AT2ML1FC583550,1/6/22
670,Diana Hardison,Chevrolet,Prizm,1999,5BZBF0AA5FN768423,11/4/21
671,Bertram Fenwick,Dodge,Ram 1500,1995,JN8AZ1MU7CW104908,4/8/22
672,Merola Slater,Plymouth,Colt,1994,WAUVFAFH6CN419269,2/19/22
673,Gawain Smye,Hyundai,Genesis,2011,2D4RN3DG6BR998863,7/22/22
674,Wolfgang Cisson,Ford,Flex,2011,1YVHZ8BA5A5362725,12/31/21
675,Deana Le - Count,Chrysler,Sebring,2009,1G6DC1E33C0298102,8/6/22
676,Esme Cortese,Chevrolet,Suburban 2500,2001,JN8AZ2KRXCT893397,10/27/21
677,Kim Redmayne,Nissan,Altima,2008,2G4GZ5GV6B9307583,10/28/21
678,Deanna Schimke,Ford,Thunderbird,2003,WBAUL73509V300465,2/28/22
679,Louisa Cabrera,Mazda,B-Series Plus,2001,SAJWA2GT8EM689791,10/25/21
680,Darryl Semaine,Plymouth,Breeze,1999,1D4PU2GK0AW829108,8/7/22
681,Fanya Happer,Mercedes-Benz,500SL,1992,3C4PDDEG2CT646650,6/29/22
682,Annalise Mulgrew,Ford,Focus,2011,WAULFAFR5DA174702,10/5/22
683,Orsola Sleet,Toyota,Corolla,2010,KMHHU6KJ1FU056168,12/27/21
684,Alvina Dosdell,Nissan,350Z,2009,1FTWX3A57AE143983,11/5/21
685,Garfield Mackriell,Pontiac,Trans Sport,1991,WAUAF68E15A876323,12/13/21
686,Willabella Digby,Ford,E150,2005,WA1YD64B55N482913,9/15/22
687,Alyss Kirman,Chevrolet,Express 3500,2006,WBA3N5C57FK247027,7/3/22
688,Kendra Bousler,Mazda,Tribute,2002,1N6AF0KX6EN748806,7/12/22
689,Gerry Colleford,BMW,M5,2000,1G6DD8E30E0290323,1/27/22
690,Iormina Danter,Toyota,Tundra,2000,1FMJU1J50AE322417,10/21/21
691,Tobit Costellow,Ford,Festiva,1989,WDDGF5EB2BR227960,4/30/22
692,Heriberto Trembey,Buick,Rendezvous,2004,4USDU534X7L369730,6/21/22
693,Tabor Dowglass,Maybach,62,2006,WP0AA2A93DS157042,9/30/22
694,Harcourt Carnilian,Mercury,Milan,2008,WA1WMBFE9AD606530,6/24/22
695,Maryjo Potkins,Subaru,Impreza,2002,1G4CW54K324011019,12/24/21
696,Barde Lunk,Honda,Insight,2003,JM1NC2EF5A0422286,11/8/21
697,Falito Ceschelli,GMC,Sierra 2500,1999,YV4902BZ7E1200581,3/2/22
698,Seymour O'Cullen,Buick,Electra,1986,SCBGT3ZAXFC010886,3/12/22
699,Esmeralda Zannuto,Mazda,626,1996,3D7TT2CT3AG564959,9/25/22
700,Stanford Franca,Toyota,Solara,2004,1GYS3JEF7CR175858,12/25/21
701,Leland Wolfers,Lexus,RX,2013,WDDHF2EB9BA866161,5/27/22
702,Felipe Ximenez,Toyota,T100,1998,WBA3A5G5XEN212484,8/8/22
703,Julianna Whistan,Buick,Regal,2001,WAUKD78P66A953903,4/3/22
704,Matilda Roome,Mazda,B-Series,1987,JM3TB2CA0D0316597,8/24/22
705,Agnes Daborne,Suzuki,Kizashi,2010,WBAEV33494K687364,5/6/22
706,Ernaline Gready,Toyota,Tacoma,2003,1G6AJ1RXXF0410825,7/30/22
707,Aloise Lambourn,Dodge,Ramcharger,1992,WAULT58E95A704262,12/17/21
708,Lelia Daughton,Toyota,4Runner,1994,1G6DH8E52C0639520,11/1/21
709,Rici Birk,Aptera,Type-1h,2010,4USDU53577L347676,1/14/22
710,Ellsworth Ruslen,Aston Martin,V8 Vantage,2010,1G6KF54911U204221,8/15/22
711,Braden Nickerson,Ford,Windstar,1999,3C4PDCBB4CT487309,9/24/22
712,Tony Brierly,Hyundai,Genesis,2011,WBAPH73509E272584,10/8/21
713,Kimbell Cartwright,Pontiac,Sunfire,2003,3VWML7AJ2EM754558,11/8/21
714,Robbie Galliver,Pontiac,G6,2007,5NPDH4AEXFH648064,4/18/22
715,Kareem Ruskin,Lexus,LS,2004,2C3CK6CT0BH064591,12/1/21
716,Jerrie Wisby,Kia,Sedona,2008,WAUFMBFC7EN174540,8/29/22
717,Brennan Rabbitts,Subaru,Brat,1985,3GYT4LEF1DG311853,5/29/22
718,Zebulon Lawn,Isuzu,Trooper,1999,JTHBC1KS7A5847315,6/7/22
719,Lynnea Silversmid,Dodge,Daytona,1993,1GD12ZCG3BF847411,10/25/21
720,Huntington Moriarty,Kia,Soul,2011,5N1AA0NE9EN857185,11/4/21
721,Crissy Broadbury,Mercury,Grand Marquis,2002,1C3CDZAB7DN063003,3/8/22
722,Katharina Gannicleff,Ford,Crown Victoria,1992,1GYS4GEF0DR129676,5/24/22
723,Sabra Hewson,Chevrolet,Suburban 2500,2010,1FMCU4K3XCK635311,7/19/22
724,Reg McMenamie,Infiniti,G,1994,1FMJK1F57CE230383,1/10/22
725,Farand Boule,Ford,F250,1992,5N1BA0NEXFN302607,1/24/22
726,Caressa Baison,Mercury,Mariner,2011,WAUML44E76N314940,8/15/22
727,Ileane Abyss,Bentley,Continental,2006,1G6DN8EV9A0303238,10/18/21
728,Samara McNickle,Honda,Passport,1995,3C3CFFER3FT585775,1/10/22
729,Hilda Sheehan,GMC,Envoy,1998,WBA3B5C51FF994883,11/27/21
730,Lucretia Vasyutkin,Mazda,B-Series,1993,JN8AZ1MU6DW420818,6/25/22
731,Drake Macey,Audi,S4,1993,JTHDU1EF3E5078791,3/27/22
732,Noby Bridal,Chevrolet,Express 3500,2008,WBADX7C59DP767580,11/22/21
733,Nobie Parkisson,Mercedes-Benz,SL-Class,2006,1G4PR5SK6C4088657,3/11/22
734,Erroll Sargood,Chevrolet,Astro,1993,3LNHL2GC1AR624036,1/13/22
735,Eldon Ricson,Lamborghini,Countach,1986,JTJHY7AXXB4699145,9/26/22
736,Sophie Tyas,BMW,745,2002,KM8JT3AF0EU152114,12/19/21
737,Petronilla Shelp,Subaru,Impreza,2002,WAUDG78E75A546055,3/7/22
738,Francois Piscopo,BMW,M Roadster,2007,KNADN5A38F6039012,8/15/22
739,Anestassia Simioni,Audi,Cabriolet,1995,5UXWX5C51BL831100,9/30/22
740,Sissie Trebble,Dodge,Durango,2002,SCFHDDAJ2BA853410,5/31/22
741,Dmitri Gregorowicz,Subaru,SVX,1992,2T1BURHE5EC661358,4/30/22
742,Aggy Stollsteimer,Lexus,GS,1997,JN8AZ1MU1AW214236,12/10/21
743,Francklyn Admans,Ford,Explorer Sport,2002,1GYS4MKJ7FR198326,1/10/22
744,Domenic Nyssens,Lincoln,Continental,2000,1C6RD6GP3CS560807,7/23/22
745,Teodora Gautrey,Toyota,Sienna,2006,WBADW7C5XCE114611,6/28/22
746,Andrey Martin,Nissan,Pathfinder,2008,3C3CFFAR3ET201952,7/12/22
747,Aeriel Seatter,Chevrolet,Astro,1997,WA1VFAFLXDA140479,1/21/22
748,Johna De Luna,BMW,M,2001,3D4PH9FV1AT712927,12/5/21
749,Morton Brunsden,Hyundai,Tucson,2010,WAUFFBFLXBN641214,10/2/22
750,Vilhelmina McCunn,Acura,RDX,2009,1G4HP54K124553514,8/28/22
751,Kaylyn Gaudin,Toyota,Avalon,2003,WBAAV53411F729556,6/2/22
752,Myrvyn Bendson,Mercedes-Benz,CL-Class,2003,1G6DJ1E35D0003928,4/28/22
753,Cherri Simkovich,GMC,3500,1995,WBAPT73539C068016,7/12/22
754,Tammie Burgett,Mercury,Villager,1999,5N1AT2MK7FC886047,8/26/22
755,Saidee Axworthy,Volkswagen,Phaeton,2004,3VW507AT3FM532739,5/4/22
756,Bill Dalla,Saturn,L-Series,2001,1G6DP8E30C0606002,6/5/22
757,Barb Dow,Chevrolet,Equinox,2009,WBABN33481J898009,5/3/22
758,Karly Boler,Ford,Escort,1990,1G6DH8E35E0187709,9/1/22
759,Audrie Ludron,Audi,4000s,1986,SCFEBBAC0AG605702,6/22/22
760,Keir Costy,Mercedes-Benz,Sprinter 3500,2011,1N6AD0CU2FN967662,8/11/22
761,Carlie Rontree,Audi,A4,2006,WBABS33462P594281,3/24/22
762,Mora Spittle,GMC,Yukon,1997,2G4GZ5GV4B9476128,8/12/22
763,Gardiner Reynoldson,Dodge,Stratus,1996,5UXFG8C59BL919426,12/19/21
764,Oralee Maccaddie,Subaru,Impreza,2003,WAUEH98E27A349357,3/15/22
765,Rustie Semechik,Jeep,Commander,2010,1GYS4HKJ0FR363804,8/28/22
766,Luca Drakard,GMC,Acadia,2010,WAUKD98P77A638122,12/28/21
767,Walsh Matveichev,BMW,525,2005,JH4CL95864C338612,2/11/22
768,Rochell Linskill,Pontiac,Aztek,2004,1G4GC5EC7BF634195,5/30/22
769,Mikol Bartalin,Ford,Econoline E350,2001,SCFFDAAE3CG352405,9/10/22
770,Alick Rulf,Scion,iQ,2012,1G6DV1EP9B0488613,5/21/22
771,Caspar Povlsen,Aston Martin,Vantage,2011,1C3CC5FB7AN545048,10/16/21
772,Rhonda Thurske,Dodge,Ram 2500,2004,JM3TB2CA6F0055544,10/11/21
773,Evvy Kauschke,Chevrolet,Blazer,1995,5GAEV23D59J026944,11/30/21
774,Kirby Esselen,Honda,Civic,2011,YV4960DL1A2690113,7/9/22
775,Mattie Oxlee,Subaru,Baja,2006,2G61N5S33E9306605,1/28/22
776,Valenka Gooda,BMW,8 Series,1993,2LNBL8CV7AX645569,3/10/22
777,Quint Sanbrook,Oldsmobile,Intrigue,2002,1GKUCGEJ9AR193625,8/26/22
778,Sherlocke Seagrove,Saturn,Outlook,2008,JM3KE2BE5D0866448,7/17/22
779,Leda Chadney,Jeep,Patriot,2008,2HNYD18646H108724,3/17/22
780,Bern Lamberton,Ford,Expedition,2012,WVWAP7AN1DE638169,5/6/22
781,Cobb Kupis,Suzuki,Daewoo Magnus,2005,WUARU78E57N016358,9/13/22
782,Katleen Ayton,Toyota,Sequoia,2012,1C4NJPBA3FD089226,3/29/22
783,Samantha Vaskin,BMW,Z3,1998,KNAGM4AD6E5674334,10/24/21
784,Madge Swatten,GMC,Savana 3500,2004,5GAKRBKD0DJ791755,12/29/21
785,Gris Wiseman,Audi,S4,1993,JA32U1FU0DU992666,11/25/21
786,Bertrando Franchi,Buick,LeSabre,2001,TRURD38J281793601,1/10/22
787,Cassie Silversmid,Toyota,4Runner,1993,SCFEBBBC0AG351679,12/25/21
788,Alana Meekins,Toyota,Tercel,1992,WBADT33491G770681,12/2/21
789,Ethelyn Measen,Mitsubishi,Eclipse,1992,5GNRNHEE4A8193493,3/26/22
790,Junette Scuffham,Chrysler,Concorde,1998,JH4CU2E89CC721480,3/20/22
791,Alva Caghy,Toyota,4Runner,2010,KMHTC6AD7EU190089,1/20/22
792,Jeremie Mc Mechan,Audi,4000CS Quattro,1987,1FBNE3BL4DD595130,6/21/22
793,Molly Acors,Chevrolet,Aveo,2008,WA1BV74L68D470197,11/22/21
794,Edna Cumbers,Ford,Contour,1998,JM1CW2BL6D0947354,4/29/22
795,Elyse Wadlow,Saturn,S-Series,2002,WAUBFAFL0FN993684,2/12/22
796,Amil Jauncey,Lotus,Elise,2010,WBAUL7C58AV135849,12/13/21
797,Zaccaria Le Friec,Porsche,Boxster,1997,JN1AZ4EH7FM564930,1/17/22
798,Olia Guerro,Ford,Econoline E350,1993,SCBLC31EX1C256987,11/18/21
799,Austin Elias,Mitsubishi,Sigma,1990,3D73Y3HL3BG461848,6/6/22
800,Blinny Goakes,Dodge,Viper,2009,3C4PDCGB7FT817392,2/5/22
801,Way Haken,Suzuki,Sidekick,1998,JM1NC2JF8E0249326,8/3/22
802,Menard Gocke,Pontiac,Firebird,1985,WAUAC48H76K892870,8/25/22
803,Kimberlee Guswell,Pontiac,Tempest,1965,1G4GA5EC4AF007376,2/7/22
804,Zarah Panks,Jaguar,XK Series,2003,19XFA1E82BE331569,7/30/22
805,Aigneis Brands,Suzuki,SJ,1991,2T2BK1BA4FC849010,6/5/22
806,Kelci Shitliff,Kia,Spectra,2007,WBADW3C56CE944608,3/28/22
807,Patrice Acarson,Isuzu,Rodeo,2003,WBALZ5C54CD716000,5/3/22
808,Pattie Matteris,Volkswagen,New Beetle,2010,SCFBF04B08G487935,10/15/21
809,Marla Fishbourne,Volkswagen,Jetta,1987,KMHTC6AD5DU355443,4/11/22
810,Nichols Mauser,GMC,2500 Club Coupe,1992,WAUKG78E56A406949,4/29/22
811,Francklyn Mersh,Volkswagen,Fox,1991,1G4PP5SK2F4149643,6/11/22
812,Hans Hourihan,Ford,Explorer Sport Trac,2002,1HGCR2E50FA176313,7/9/22
813,De MacAlpine,Mitsubishi,Diamante,1994,3D7TT2CT3BG428803,8/24/22
814,Terrie Moberley,Lexus,ES,1994,2G4GT5GC9B9465111,7/19/22
815,Berty Castillon,Chevrolet,Express,2012,5YMGZ0C57BL839552,11/1/21
816,Andree Woodyer,Isuzu,Rodeo,1999,1D4RD3GG8BC441105,11/25/21
817,Merill Dinnis,Maserati,Biturbo,1986,1G6AJ5S39D0523581,3/3/22
818,Doralynn Baxendale,Mazda,MX-5,2008,KMHGC4DD0DU116612,10/4/22
819,Fifi Cottisford,Mercury,Grand Marquis,1996,JM3KE2BE0D0538144,11/2/21
820,Hilton De Cruz,Lotus,Elise,2009,2C3CDXJGXDH670067,5/14/22
821,Priscilla Fenner,Nissan,Sentra,1991,3C4PDDBG9FT214470,1/10/22
822,Orlando Petrol,GMC,Sierra,2011,WBA3B1C55FP538114,11/1/21
823,Faydra Sivewright,Ford,Bronco II,1984,JN1AZ4EH1CM784561,4/29/22
824,Mada Humberston,Ford,Ranger,2002,JH4NA21653T103157,2/14/22
825,Albie Kneal,Infiniti,M,2012,WBA3B1C50EP666145,1/15/22
826,Laure Bassham,Nissan,Altima,1999,SCFFDAAM0EG007732,2/9/22
827,Karla Rubinlicht,Nissan,Pathfinder,2003,2T1KU4EE1BC697132,2/28/22
828,Keslie O'Logan,Jaguar,XF,2011,1G6KP5ES5BU738659,6/21/22
829,Meg Narracott,Mercedes-Benz,G-Class,2009,1FTSX2B58AE947782,3/26/22
830,Kit MacDunleavy,Chevrolet,Silverado 3500,2009,WBANA53535B381164,10/29/21
831,Kati Riches,Mercedes-Benz,SL-Class,1990,1HGCR2E52DA156478,3/21/22
832,Jobina Rutley,Scion,tC,2011,SCFAD01AX8G854899,9/3/22
833,Eleni Scowcroft,BMW,3 Series,1999,1G6AL5SX1E0627643,8/31/22
834,Benoite Moseby,Mercedes-Benz,W201,1984,WAUBF78E88A269334,9/4/22
835,Laney Barclay,Lexus,IS,2005,WBANN73537C446396,6/20/22
836,Selestina Mathen,Hyundai,Sonata,2000,5NMSG3AB3AH050012,7/12/22
837,Gerladina Croston,Ford,F350,2002,NM0KS7DN4AT764447,6/6/22
838,Germain Kowalski,Mitsubishi,Truck,1993,19UYA42601A051276,11/6/21
839,Sena Melhuish,Nissan,Frontier,2009,5GAKVAED7CJ153812,12/18/21
840,Frasier Neiland,Mercury,Capri,1984,2G4GU5GV6D9601003,11/24/21
841,Dyan Lattie,Kia,Rio,2008,5J8TB4H76GL172737,12/8/21
842,Joelle Ferencowicz,BMW,M,2000,WAUEH48H88K262572,10/1/22
843,Alisha Petraitis,Jeep,Commander,2007,WAUMFAFH7FN005837,3/26/22
844,Dulciana MacDermot,Toyota,Land Cruiser,2010,1GKS2FFJ3BR828794,8/26/22
845,Baxy Bradnock,GMC,Vandura G1500,1995,KMHEC4A44EA610292,10/30/21
846,Aurea Raittie,Honda,Element,2006,WBADS43482G588500,9/9/22
847,Hamnet Bendle,Volvo,740,1992,JN8AF5MR4DT169018,3/21/22
848,Kamilah Petre,Nissan,Titan,2006,5XYKT3A1XBG020908,8/4/22
849,Andie Gilfillan,Isuzu,Rodeo Sport,2001,5GADT13S052309637,9/20/22
850,Viviene Polak,Audi,100,1990,KNDKG3A24A7025613,3/9/22
851,Marsiella Berthot,Mercedes-Benz,500E,1992,5NPDH4AE0DH098287,1/30/22
852,Cross Hanster,Ford,Laser,1986,19UUA76688A199017,6/23/22
853,Addia Haine,Ford,F450,2012,1D7RW7GP1AS997166,10/16/21
854,Trixi Dentith,Honda,CR-V,2003,WP0AB2A9XAS434990,10/29/21
855,Alfredo Jillett,Aptera,Type-1h,2010,1GKS1GEJ6BR714847,5/21/22
856,Madalyn Mordan,Mercury,Grand Marquis,2009,WAURV78T58A764946,5/9/22
857,Glynda Fitzroy,Chevrolet,Suburban 2500,1995,WBADX1C51CE701354,1/10/22
858,Annelise Berends,Holden,VS Commodore,1995,2HNYD18676H632613,5/30/22
859,Clio Audsley,Pontiac,Aztek,2004,WBA5A7C57ED335790,5/5/22
860,Hephzibah Chalk,Nissan,Pathfinder,1999,1G4GB5GR3CF362783,12/12/21
861,Evin Haddacks,Land Rover,Range Rover,1988,3C6JD7CT4CG779160,12/25/21
862,Lela Thome,Chrysler,Sebring,2001,1G6DG5EG8A0632328,5/1/22
863,Osgood Leveret,GMC,Sonoma,2004,WAUHGBFC9DN566496,10/16/21
864,Ludovika Wimbury,Suzuki,Grand Vitara,1999,WDDEJ7GB9DA269414,7/22/22
865,Lonna Kelf,GMC,Savana 2500,2011,JH4CU2E8XDC159252,10/16/21
866,Adela Eccleston,Honda,Odyssey,2008,1GD02ZCG7DZ043397,7/17/22
867,Bridget Alexandrou,Land Rover,Range Rover,1990,137ZA90371E501316,9/7/22
868,Wallis Guerner,Mercedes-Benz,SL-Class,1990,SCBLE47K48C437767,2/27/22
869,Benedetto Deboick,Mazda,B-Series,2006,JTHKD5BH4B2085007,8/15/22
870,Catharine Cass,Mitsubishi,Galant,2004,2G4WF521631013805,3/12/22
871,Claudie Pettit,Volvo,S60,2006,WAUDH78E56A523596,8/4/22
872,Perren Ciobotaru,BMW,525,2005,1G6DG8E55D0224597,5/8/22
873,Livvy Wahlberg,Lincoln,MKZ,2008,WAUNF78P16A298332,9/25/22
874,Drake Wannell,Chevrolet,Suburban 1500,2007,JN1BY1APXEM267510,11/16/21
875,Winthrop Retchford,Mazda,Mazda6,2003,3GYEK63N43G743393,1/1/22
876,Wallace Beaford,Ford,Escort,1989,1GYS3BKJ2FR379339,9/1/22
877,Kelsey Boays,Chevrolet,Tahoe,1995,2C3CCAEG4DH852518,9/24/22
878,Merrili Siemantel,Dodge,Ram Van 3500,1997,WAUAC48H34K594510,11/11/21
879,Merridie O'Doherty,Nissan,Altima,2008,WBSBL93434P919127,4/13/22
880,Raphaela Hopkyns,Honda,S2000,2007,WAUHF98P47A675732,3/29/22
881,Wildon Wornham,Lincoln,Aviator,2005,JTJBM7FX9F5681911,12/17/21
882,Jedidiah Batha,Buick,LeSabre,2004,WVWED7AJ2BW816735,9/15/22
883,Christa Fores,Chevrolet,Blazer,2000,JH4CW2H52DC475093,9/12/22
884,Chrissie Zimmermanns,Mitsubishi,Outlander,2003,1G6DA5EGXA0824772,5/6/22
885,Yovonnda O'Canavan,Pontiac,Aztek,2003,1G4HP54K344100546,2/3/22
886,Yetta Fender,GMC,Sierra 3500,2002,2B3CJ4DV7AH274074,12/22/21
887,Patrizia Haskur,Chevrolet,S10,1996,WA1DVAFE8AD374338,6/26/22
888,Renato Chamberlin,Audi,A6,2010,WA1DGBFP6DA826312,7/15/22
889,Rosamond Rennie,Chevrolet,Venture,2002,1N6AF0LY1FN842195,8/28/22
890,Carlina Blenkensop,Toyota,Tacoma,1999,5FRYD4H66GB331148,6/8/22
891,Janela Chatto,Lincoln,Town Car,1989,KL4CJCSB0EB805206,7/28/22
892,Kilian Spender,Pontiac,Grand Prix,1976,WAU2GAFC2DN217745,10/2/22
893,Flossie Salvatore,Chevrolet,Express 2500,2004,3VW467AT6DM737785,7/18/22
894,Hillery Janicek,Toyota,Avalon,2002,WA1LFBFP7DA049508,10/10/21
895,Shaughn Caldecourt,Bentley,Continental Flying Spur,2011,JN1BJ0HR9DM919649,8/17/22
896,Aubrie Wilne,Acura,NSX,1998,JN1AZ4EH9BM777274,1/4/22
897,Keenan Jancic,Lexus,RX,1999,1GYFK668X7R505354,1/6/22
898,Yasmeen Preece,Land Rover,Defender,1994,3C6LD4BT6CG659787,10/24/21
899,Arlyn Derle,Porsche,911,1987,1C3CCBAB4DN264545,8/27/22
900,Jilleen Cheal,Mitsubishi,i-MiEV,2012,WAULD54B42N758047,9/25/22
901,Shanna Stancliffe,BMW,Z8,2002,YV4952CY8E1700076,12/28/21
902,Elisabet Caddick,Mercedes-Benz,500SL,1993,JN8AE2KP8F9383996,6/29/22
903,Nichole Pashba,Honda,Insight,2003,2C3CCARG7DH504545,1/6/22
904,Torrance Brafferton,Acura,Legend,1992,WAUHE78P79A639866,9/23/22
905,Brandie Doby,Pontiac,Aztek,2002,JH4CU256X9C901025,9/12/22
906,Abbe Mumford,Mitsubishi,GTO,1992,3D73Y4HL9BG193782,6/2/22
907,Roscoe McGrorty,Mercury,Sable,2003,1FTNS1EW1AD804222,11/24/21
908,Davita Gillogley,Land Rover,Freelander,2001,SCBET9ZA7F8749548,6/22/22
909,Corine Whitley,Chrysler,New Yorker,1992,5J6TF1H35BL345858,7/20/22
910,Angeli Gwynne,Plymouth,Grand Voyager,2000,WBAUL7C53CV880348,10/31/21
911,Welsh Larham,Oldsmobile,Achieva,1993,2T1BU4EE0DC180049,1/29/22
912,Andriette O'Crevan,Isuzu,Rodeo,1995,WAUDL64FX5N798041,10/8/21
913,Lisbeth Livsey,Lexus,ES,1995,3GYFK12219G331200,6/3/22
914,Sharleen Pepperell,GMC,EV1,1999,1GYS3PKJ7FR524680,2/20/22
915,Brade Juett,Nissan,Quest,1998,1G4PS5SK2C4188582,1/31/22
916,Hetty Lindroos,Dodge,Ram 3500,1994,WBABS53401E236504,7/10/22
917,Cairistiona Guilbert,Ford,E250,2010,JTMHY7AJ4A4328365,1/20/22
918,Nat Bawle,Buick,LaCrosse,2010,KMHTC6ADXCU749647,7/4/22
919,Bobbi Garnsworthy,Mercedes-Benz,300SL,1993,3C3CFFCR6ET295578,7/1/22
920,Sigismondo Winridge,Mitsubishi,Lancer Evolution,2002,1C6RD7LP6CS869487,4/3/22
921,Lemuel Sumnall,GMC,Sierra,2009,4USDU53417L334946,3/26/22
922,Christian Bakhrushkin,Saab,900,1992,WAUSFBFL2AA771735,5/22/22
923,Way Tyres,Oldsmobile,Toronado,1966,WAUGL98E15A609753,11/22/21
924,Delphinia Reitenbach,Ferrari,599 GTB Fiorano,2008,TRUTC28N141492351,10/8/21
925,Corrie Ciotti,Mercedes-Benz,300E,1992,WP0CA2A80EK655989,4/27/22
926,Talya Laye,Dodge,Ram 1500,2000,WBXPA93475W569370,9/21/22
927,Shirleen Boutwell,Nissan,300ZX,1995,WAULFAFH5AN487728,11/21/21
928,Egon Shepperd,Aston Martin,DB9,2012,1N6BF0KX5FN068790,12/12/21
929,Tallie Colt,Dodge,Ram Van 1500,1999,WBAVC53547A318755,6/6/22
930,Will Aymerich,Chevrolet,TrailBlazer,2007,19UUB2F32FA764137,5/21/22
931,Harlan Chieco,Pontiac,LeMans,1968,1GD22XEG2FZ249630,7/9/22
932,Vincenz Keppin,Ford,Ranger,2002,JTDKDTB39D1380509,10/9/21
933,Nerti Ruckman,Mercedes-Benz,R-Class,2007,5J8TB1H20CA303251,1/26/22
934,Arley Kropp,Volkswagen,GTI,1985,1GD311CG3FZ392173,4/5/22
935,Marijn Juara,Maybach,Landaulet,2009,2G4WS55J441530075,5/3/22
936,Gweneth Martensen,Spyker,C8 Spyder,2004,SCBLF34F86C380047,8/16/22
937,Bernard Medendorp,Ford,Aerostar,1992,JM1DE1KY5D0202091,10/12/21
938,Davie Herreros,Maserati,Quattroporte,2010,1GKS1GEJ2DR519041,6/1/22
939,Fancie Cartmael,Lincoln,MKX,2011,1G6DJ8E33C0883146,4/11/22
940,Evelin Foggo,Toyota,T100,1996,1D4PT4GK6AW725043,5/12/22
941,Alejandrina Tamlett,Volkswagen,Passat,1991,SCBBP9ZAXCC041455,10/3/22
942,Amelia Peeter,Pontiac,Grand Prix,2000,1FADP5AU8FL605859,8/23/22
943,Lorna Nanni,Toyota,Prius,2010,SCFBF03B78G703099,12/3/21
944,Bill Folker,Chevrolet,Suburban 2500,2005,3C3CFFFH5FT745080,4/16/22
945,Valerye Allery,Mercedes-Benz,CL-Class,1998,4A31K2DF3CE405976,3/30/22
946,Klemens Croisdall,Cadillac,Brougham,1992,1C3CDZAB1CN684106,11/13/21
947,Anallese Wadhams,Chrysler,Prowler,2001,1D4PT6GX1AW891168,8/14/22
948,Buckie Bavester,Chevrolet,Volt,2012,SAJWA6A72F8811963,11/25/21
949,Tamma Tyrrell,Suzuki,Verona,2005,2C3CCAEG6FH005373,6/3/22
950,Jordanna Dobie,BMW,1 Series,2012,1FTWW3B57AE943149,2/27/22
951,Shelton Domokos,Saab,9000,1992,1GYS3KEF4CR492373,4/17/22
952,Huntlee Flieger,Mercedes-Benz,Sprinter 2500,2012,1G4GG5G3XDF786458,5/14/22
953,Adair Baxill,Toyota,Previa,1995,1G6AH5S3XF0939489,1/2/22
954,Gaspard Petersen,Mazda,Miata MX-5,2004,5GADX23L15D430569,4/14/22
955,Arni Derr,Subaru,Justy,1989,5FRYD3H66GB783448,4/23/22
956,Kittie Sandeson,Nissan,Maxima,2007,WAUEKBFB9AN191181,10/19/21
957,Myrlene Lassetter,Dodge,Viper,2003,5TDBK3EH6CS853250,1/12/22
958,Katerine Popple,Oldsmobile,Aurora,2002,5GAKVBKD6DJ851792,8/29/22
959,Pail Tibb,Mitsubishi,Endeavor,2006,1G4GF5G3XFF140469,1/26/22
960,Truda Houlworth,Dodge,Ram 2500 Club,1999,JN1CV6EKXDM656963,7/6/22
961,Andrew Rees,GMC,Rally Wagon 2500,1994,2T2BK1BA4EC765364,3/28/22
962,Hobart Allenby,Chevrolet,Avalanche 2500,2005,WBA3A5C51EP068852,5/6/22
963,Georgeta Fahy,Nissan,Sentra,2011,WBABS53422E822879,8/20/22
964,Hobey Copson,Hyundai,Tiburon,2007,3N1AB6AP7BL860743,8/17/22
965,Emmalynne Leil,BMW,3 Series,1992,WBSBR93495P824636,1/6/22
966,Corny Marryatt,Hyundai,Tucson,2012,WBAFV3C52ED597363,8/10/22
967,Dorisa Robardet,Plymouth,Laser,1994,KNDJN2A20E7021964,5/17/22
968,Guinevere Gueinn,Nissan,300ZX,1994,3D73Y4CL3BG080210,2/22/22
969,Feodor Bellin,Hyundai,Santa Fe,2011,JH4CL95835C272957,10/11/21
970,Glynis Houdmont,Mercury,Villager,1996,WBAEV33405K311895,5/17/22
971,Hyatt Waplinton,Mercury,Cougar,1990,TRUSX28N111223679,6/13/22
972,Clair Chene,Mazda,Mazdaspeed6,2006,KNDPB3A22B7703247,4/1/22
973,Katuscha Saberton,GMC,Yukon XL 2500,2004,1FTEW1CMXEK511166,11/11/21
974,Tobin Sturrock,GMC,Yukon,2011,WAUTFAFH9BN663648,9/15/22
975,Filip Chaldecott,Ford,Ranger,1984,2G61W5S88F9518572,10/13/21
976,Nichole Skerrett,Mazda,929,1991,4USCK73432L821071,11/30/21
977,Diahann Andrey,GMC,Suburban 2500,1992,SALVP1BG4FH476983,11/3/21
978,Mina Loggie,GMC,Yukon XL 2500,2004,WAU4FAFL3BA337375,12/23/21
979,Ave Culkin,Toyota,Land Cruiser,1993,SCBBP9ZA1AC793140,6/7/22
980,Erinn Simnor,Ford,Thunderbird,1994,SCBBP93W59C586959,12/10/21
981,Fayette Le Strange,Volkswagen,Golf,2001,5N1AN0NU5DN170344,3/10/22
982,Rosana Bushell,Ford,F-Series,1992,1G6DC1ED7B0969407,8/21/22
983,Walt Swannack,Cadillac,Seville,1994,3D73M3CL0BG315846,12/16/21
984,Lori Hearthfield,Hyundai,Elantra,2006,WAUXU54B63N029616,6/13/22
985,Tracie Tart,Mitsubishi,Galant,1998,5XYZG3AB6BG952549,6/4/22
986,Nellie Jandera,Volkswagen,Jetta,2003,1G6DM57N640612264,7/3/22
987,Gretel Circuit,Cadillac,XLR,2004,WAUEF78E58A027209,10/11/21
988,Janella Beininck,Ford,Mustang,2000,WAUCFAFC0DN631971,9/24/22
989,Arleyne Aasaf,Ford,F250,2007,2C3CCAEG7FH401120,3/20/22
990,Karney Doodney,Lincoln,Navigator,2003,WAUKG78E16A282503,11/30/21
991,Wiley Humpherson,Lotus,Evora,2011,2C3CCADT7CH748621,7/27/22
992,Lavinie Balding,Isuzu,Rodeo,2003,JN8AF5MR8FT169848,1/10/22
993,Antonietta Tewes,Volkswagen,Golf,1997,4USCN534X2L352430,3/4/22
994,Deidre Joint,Mazda,B-Series Plus,2004,5N1BA0NE5FN999295,6/20/22
995,Rickie Senecaux,Cadillac,Eldorado,2001,1G6KY54992U439767,6/21/22
996,Kip Studeart,Ford,Escape,2008,WAUUL78E68A945233,2/19/22
997,Alexia Thorneley,Hyundai,Sonata,2008,WAUAFAFH6EN307802,7/4/22
998,Archambault Pesterfield,Jaguar,XJ Series,2005,WBA3G7C53FK721173,2/3/22
999,Ronalda Weetch,Toyota,RAV4,2001,WAUK2AFD3FN791345,11/28/21
1000,Alasdair Vause,Aston Martin,V8 Vantage,2012,1G6DV5EP3E0776428,10/10/21